ts,agent_id,cvip,cvip_x,cvip_y,cvip_z
1537951733,0,501.09167945043276,192.67880249023438,-59.171165466308594,-499.8193664550781
1562951734,0,501.0855589729278,192.67880249023438,-59.171165466308594,-499.86065673828125
1587951734,0,501.0794604278231,192.67880249023438,-59.171165466308594,-499.9080810546875
1612951735,0,501.0733854220875,192.67880249023438,-59.171165466308594,-499.9616394042969
1637951735,0,501.0672745275469,192.67880249023438,-59.171165466308594,-500.0212707519531
1662951735,0,501.06115969019396,192.67880249023438,-59.171165466308594,-500.0870056152344
1687951736,0,501.05504251700023,192.67880249023438,-59.171165466308594,-500.1588439941406
1712951736,0,501.05273404369353,192.67880249023438,-59.171165466308594,-500.2367858886719
1737951736,0,501.080410858297,192.67880249023438,-59.171165466308594,-500.3208923339844
1762951737,0,501.1352682461327,192.67880249023438,-59.171165466308594,-500.41107177734375
1787951737,0,501.2110630485997,192.67880249023438,-59.171165466308594,-500.50738525390625
1812951738,0,501.3030980360903,192.67880249023438,-59.171165466308594,-500.6097412109375
1837951738,0,501.4096760839185,192.67880249023438,-59.171165466308594,-500.7182312011719
1862951738,0,501.5264881404715,192.67880249023438,-59.171165466308594,-500.8327941894531
1887951739,0,501.6515831443851,192.67880249023438,-59.171165466308594,-500.9534606933594
1912951739,0,501.7839554112089,192.67880249023438,-59.171165466308594,-501.0802307128906
1937951739,0,501.92289022618456,192.67880249023438,-59.171165466308594,-501.21307373046875
1962951740,0,502.06796533471146,192.67880249023438,-59.171165466308594,-501.3520202636719
1987951740,0,502.21889365487647,192.67880249023438,-59.171165466308594,-501.4970703125
2012951740,0,502.3754746245433,192.67880249023438,-59.171165466308594,-501.648193359375
2037951741,0,502.53764789895615,192.67880249023438,-59.171165466308594,-501.805419921875
2062951741,0,502.70537876592687,192.67880249023438,-59.171165466308594,-501.96875
2087951742,0,502.8785468176635,192.67880249023438,-59.171165466308594,-502.1380615234375
2112951742,0,503.0573261434018,192.67880249023438,-59.171165466308594,-502.3135070800781
2137951742,0,503.241693278326,192.67880249023438,-59.171165466308594,-502.4950256347656
2162951743,0,503.4317225413554,192.67880249023438,-59.171165466308594,-502.6826477050781
2187951743,0,503.6274284998566,192.67880249023438,-59.171165466308594,-502.8763427734375
2212951743,0,503.82885697716074,192.67880249023438,-59.171165466308594,-503.07611083984375
2237951744,0,504.036051227494,192.67880249023438,-59.171165466308594,-503.2819519042969
2262951744,0,504.24905171658924,192.67880249023438,-59.171165466308594,-503.4938659667969
2287951745,0,504.4678937937138,192.67880249023438,-59.171165466308594,-503.71185302734375
2312951745,0,504.69257983424717,192.67880249023438,-59.171165466308594,-503.9358825683594
2337951745,0,504.9231992631553,192.67880249023438,-59.171165466308594,-504.166015625
2362951746,0,505.1597464250407,192.67880249023438,-59.171165466308594,-504.4022216796875
2387951746,0,505.402181919635,192.67880249023438,-59.171165466308594,-504.6444396972656
2412951746,0,505.65061574344674,192.67880249023438,-59.171165466308594,-504.89276123046875
2437951747,0,505.90500267016785,192.67880249023438,-59.171165466308594,-505.1471252441406
2462951747,0,506.16538667629703,192.67880249023438,-59.171165466308594,-505.4075622558594
2487951748,0,506.4317485222023,192.67880249023438,-59.171165466308594,-505.6740417480469
2512951748,0,506.70412837644204,192.67880249023438,-59.171165466308594,-505.94659423828125
2537951748,0,506.98253411531533,192.67880249023438,-59.171165466308594,-506.2252197265625
2562951749,0,507.26691175254535,192.67880249023438,-59.171165466308594,-506.5098571777344
2587951749,0,507.55732767682576,192.67880249023438,-59.171165466308594,-506.8005676269531
2612951749,0,507.853756118884,192.67880249023438,-59.171165466308594,-507.0973205566406
2637951750,0,508.15623151413007,192.67880249023438,-59.171165466308594,-507.400146484375
2662951750,0,508.46472657650884,192.67880249023438,-59.171165466308594,-507.7090148925781
2687951751,0,508.7792134548376,192.67880249023438,-59.171165466308594,-508.0238952636719
2712951751,0,509.09978636347125,192.67880249023438,-59.171165466308594,-508.3448791503906
2737951751,0,509.4263241940523,192.67880249023438,-59.171165466308594,-508.671875
2762951752,0,509.75890478681214,192.67880249023438,-59.171165466308594,-509.0049133300781
2787951752,0,510.09755278209116,192.67880249023438,-59.171165466308594,-509.3440246582031
2812951752,0,510.4421752230241,192.67880249023438,-59.171165466308594,-509.6891174316406
2837951753,0,510.7928321468413,192.67880249023438,-59.171165466308594,-510.0402526855469
2862951753,0,511.14955336998594,192.67880249023438,-59.171165466308594,-510.3974609375
2887951754,0,511.51227760158724,192.67880249023438,-59.171165466308594,-510.76068115234375
2912951754,0,511.88103523554474,192.67880249023438,-59.171165466308594,-511.12994384765625
2937951754,0,512.2557957502048,192.67880249023438,-59.171165466308594,-511.5052185058594
2962951755,0,512.636620212567,192.67880249023438,-59.171165466308594,-511.8865661621094
2987951755,0,513.0233867587881,192.67880249023438,-59.171165466308594,-512.2738647460938
3012951755,0,513.416278386587,192.67880249023438,-59.171165466308594,-512.6672973632812
3037951756,0,513.8151429102517,192.67880249023438,-59.171165466308594,-513.0667114257812
3062951756,0,514.2199805228357,192.67880249023438,-59.171165466308594,-513.4721069335938
3087951757,0,514.630913233264,192.67880249023438,-59.171165466308594,-513.8836059570312
3112951757,0,515.0477583061395,192.67880249023438,-59.171165466308594,-514.301025390625
3137951757,0,515.4706987095534,192.67880249023438,-59.171165466308594,-514.7245483398438
3162951758,0,515.899548962605,192.67880249023438,-59.171165466308594,-515.1539916992188
3187951758,0,516.3344968339793,192.67880249023438,-59.171165466308594,-515.5895385742188
3212951758,0,516.7754187425579,192.67880249023438,-59.171165466308594,-516.0310668945312
3237951759,0,517.2223150403705,192.67880249023438,-59.171165466308594,-516.4785766601562
3262951759,0,517.6752465960568,192.67880249023438,-59.171165466308594,-516.93212890625
3287951759,0,518.1342133759103,192.67880249023438,-59.171165466308594,-517.3917236328125
3312951760,0,518.5991544729011,192.67880249023438,-59.171165466308594,-517.8572998046875
3337951760,0,519.0701308055352,192.67880249023438,-59.171165466308594,-518.3289184570312
3362951761,0,519.547020541103,192.67880249023438,-59.171165466308594,-518.8064575195312
3387951761,0,520.0299447175578,192.67880249023438,-59.171165466308594,-519.2900390625
3412951761,0,520.5189060819187,192.67880249023438,-59.171165466308594,-519.7796630859375
3437951762,0,521.0139013212716,192.67880249023438,-59.171165466308594,-520.2753295898438
3462951762,0,521.5148115828815,192.67880249023438,-59.171165466308594,-520.7769165039062
3487951762,0,522.0217561512488,192.67880249023438,-59.171165466308594,-521.2845458984375
3512951763,0,522.5346144957792,192.67880249023438,-59.171165466308594,-521.798095703125
3537951763,0,523.0535707765848,192.67880249023438,-59.171165466308594,-522.3177490234375
3562951764,0,523.5784396633501,192.67880249023438,-59.171165466308594,-522.8433227539062
3587951764,0,524.1092834106342,192.67880249023438,-59.171165466308594,-523.3748779296875
3612951764,0,524.646163016475,192.67880249023438,-59.171165466308594,-523.9124755859375
3637951765,0,525.1889566181935,192.67880249023438,-59.171165466308594,-524.4559936523438
3662951765,0,525.7377861682421,192.67880249023438,-59.171165466308594,-525.0055541992188
3687951765,0,526.2925907580085,192.67880249023438,-59.171165466308594,-525.5610961914062
3712951766,0,526.8533704328443,192.67880249023438,-59.171165466308594,-526.1226196289062
3737951766,0,527.4201263060887,192.67880249023438,-59.171165466308594,-526.6901245117188
3762951767,0,527.9928562880783,192.67880249023438,-59.171165466308594,-527.2636108398438
3787951767,0,528.5715614926114,192.67880249023438,-59.171165466308594,-527.8430786132812
3812951767,0,529.1562419659639,192.67880249023438,-59.171165466308594,-528.4285278320312
3837951768,0,529.7468977546268,192.67880249023438,-59.171165466308594,-529.0199584960938
3862951768,0,530.3435289052996,192.67880249023438,-59.171165466308594,-529.6173706054688
3887951768,0,530.9460754048619,192.67880249023438,-59.171165466308594,-530.220703125
3912951769,0,531.5542247921543,192.67880249023438,-59.171165466308594,-530.830078125
3937951769,0,532.1678658671294,192.67880249023438,-59.171165466308594,-531.4454345703125
3962951770,0,532.7870015419747,192.67880249023438,-59.171165466308594,-532.0667114257812
3987951770,0,533.4117393478638,192.67880249023438,-59.171165466308594,-532.6939697265625
4012951770,0,534.0420518463951,192.67880249023438,-59.171165466308594,-533.3271484375
4037951771,0,534.6780876052364,192.67880249023438,-59.171165466308594,-533.9663696289062
4062951771,0,535.3198069126405,192.67880249023438,-59.171165466308594,-534.611572265625
4087951771,0,535.9671047876556,192.67880249023438,-59.171165466308594,-535.2626342773438
4112951772,0,536.6201802125007,192.67880249023438,-59.171165466308594,-535.9197387695312
4137951772,0,537.2789862213506,192.67880249023438,-59.171165466308594,-536.5828247070312
4162951773,0,537.9434138803508,192.67880249023438,-59.171165466308594,-537.2517700195312
4187951773,0,26.558433547746226,192.67880249023438,-59.171165466308594,0.09999999403953552
4212951773,0,26.47508246092624,192.67880249023438,-59.171165466308594,0.09540698677301407
4237951774,0,26.38688962413333,192.67880249023438,-59.171165466308594,0.08469131588935852
4262951774,0,26.294086221391133,192.67880249023438,-59.171165466308594,0.0693112164735794
4287951774,0,26.19687578857846,192.67880249023438,-59.171165466308594,0.05613723769783974
4312951775,0,26.09546198509439,192.67880249023438,-59.171165466308594,0.04550548270344734
4337951775,0,25.9900167891682,192.67880249023438,-59.171165466308594,0.03692970052361488
4362951776,0,25.88069099424801,192.67880249023438,-59.171165466308594,0.030015792697668076
4387951776,0,25.767651219551855,192.67880249023438,-59.171165466308594,0.024444427341222763
4412951776,0,25.651034225533692,192.67880249023438,-59.171165466308594,0.01995697058737278
4437951777,0,25.530969266168047,192.67880249023438,-59.171165466308594,0.01634414680302143
4462951777,0,25.407600500006748,192.67880249023438,-59.171165466308594,0.013436851091682911
4487951777,0,25.28103526245284,192.67880249023438,-59.171165466308594,0.011098288930952549
4512951778,0,25.15138751449509,192.67880249023438,-59.171165466308594,0.009217948652803898
4537951778,0,25.018756455902093,192.67880249023438,-59.171165466308594,0.007706718053668737
4562951778,0,24.883256169620452,192.67880249023438,-59.171165466308594,0.00649261474609375
4587951779,0,24.74497059882356,192.67880249023438,-59.171165466308594,0.0055175782181322575
4612951779,0,24.60399131959708,192.67880249023438,-59.171165466308594,0.004734840244054794
4637951780,0,24.460387021084063,192.67880249023438,-59.171165466308594,0.004106712061911821
4662951780,0,24.314250007534177,192.67880249023438,-59.171165466308594,0.003602867014706135
4687951780,0,24.165640786684733,192.67880249023438,-59.171165466308594,0.003198814345523715
4712951781,0,24.014643295709185,192.67880249023438,-59.171165466308594,0.002874908270314336
4737951781,0,23.861310953600714,192.67880249023438,-59.171165466308594,0.0026153563521802425
4762951781,0,23.705682102605962,192.67880249023438,-59.171165466308594,0.00240745535120368
4787951782,0,23.547825045383995,192.67880249023438,-59.171165466308594,0.0022409819066524506
4812951782,0,23.387778304019957,192.67880249023438,-59.171165466308594,0.0021076963748782873
4837951783,0,23.225587104204585,192.67880249023438,-59.171165466308594,0.0020010375883430243
4862951783,0,23.06130559429898,192.67880249023438,-59.171165466308594,0.0019157028291374445
4887951783,0,22.894948853044188,192.67880249023438,-59.171165466308594,0.0018474578391760588
4912951784,0,22.726578027153803,192.67880249023438,-59.171165466308594,0.0018474578391760588
4937951784,0,22.556215910691563,192.67880249023438,-59.171165466308594,0.0018474578391760588
4962951784,0,22.38388595275081,192.67880249023438,-59.171165466308594,0.0018474578391760588
4987951785,0,22.20962630279239,192.67880249023438,-59.171165466308594,0.0018474578391760588
5012951785,0,22.033459287777557,192.67880249023438,-59.171165466308594,0.0018474578391760588
5037951786,0,21.85541561369747,192.67880249023438,-59.171165466308594,0.0018474578391760588
5062951786,0,21.675525419952372,192.67880249023438,-59.171165466308594,0.0018474578391760588
5087951786,0,21.49379690484419,192.67880249023438,-59.171165466308594,0.0018474578391760588
5112951787,0,21.31025295984416,192.67880249023438,-59.171165466308594,0.0018474578391760588
5137951787,0,21.124924487566965,192.67880249023438,-59.171165466308594,0.0018474578391760588
5162951787,0,20.937826372220293,192.67880249023438,-59.171165466308594,0.0018474578391760588
5187951788,0,20.74896624884482,192.67880249023438,-59.171165466308594,0.0018474578391760588
5212951788,0,20.55837483273067,192.67880249023438,-59.171165466308594,0.0018474578391760588
5237951789,0,20.3660673915734,192.67880249023438,-59.171165466308594,0.0018474578391760588
5262951789,0,20.17205860865216,192.67880249023438,-59.171165466308594,0.0018474578391760588
5287951789,0,19.976349074407146,192.67880249023438,-59.171165466308594,0.0018474578391760588
5312951790,0,19.77897674790345,192.67880249023438,-59.171165466308594,0.0018474578391760588
5337951790,0,19.57994223232738,192.67880249023438,-59.171165466308594,0.0018474578391760588
5362951790,0,19.37926040734151,192.67880249023438,-59.171165466308594,0.0018474578391760588
5387951791,0,19.176939517090002,192.67880249023438,-59.171165466308594,0.0018474578391760588
5412951791,0,18.97447487171311,192.67880249023438,-59.171165466308594,0.0018474578391760588
5437951792,0,18.77207926691888,192.67880249023438,-59.171165466308594,0.0018474578391760588
5462951792,0,18.569760321061732,192.67880249023438,-59.171165466308594,0.0018474578391760588
5487951792,0,18.3675023632747,192.67880249023438,-59.171165466308594,0.0018474578391760588
5512951793,0,18.165328067880477,192.67880249023438,-59.171165466308594,0.0018474578391760588
5537951793,0,17.963214958872793,192.67880249023438,-59.171165466308594,0.0018474578391760588
5562951793,0,17.761185717134275,192.67880249023438,-59.171165466308594,0.0018474578391760588
5587951794,0,17.559209617144873,192.67880249023438,-59.171165466308594,0.0018474578391760588
5612951794,0,17.357317170235163,192.67880249023438,-59.171165466308594,0.0018474578391760588
5637951795,0,17.15548420237736,192.67880249023438,-59.171165466308594,0.0018474578391760588
5662951795,0,16.953711332688048,192.67880249023438,-59.171165466308594,0.0018474578391760588
5687951795,0,16.752028843610645,192.67880249023438,-59.171165466308594,0.0018474578391760588
5712951796,0,16.550406857695638,192.67880249023438,-59.171165466308594,0.0018474578391760588
5737951796,0,16.348854313494225,192.67880249023438,-59.171165466308594,0.0018474578391760588
5762951796,0,16.147385823458027,192.67880249023438,-59.171165466308594,0.0018474578391760588
5787951797,0,15.94598546885845,192.67880249023438,-59.171165466308594,0.0018474578391760588
5812951797,0,15.744652571282206,192.67880249023438,-59.171165466308594,0.0018474578391760588
5837951797,0,15.543395640719062,192.67880249023438,-59.171165466308594,0.0018474578391760588
5862951798,0,15.34220681917475,192.67880249023438,-59.171165466308594,0.0018474578391760588
5887951798,0,15.141094867384197,192.67880249023438,-59.171165466308594,0.0018474578391760588
5912951799,0,14.939303848532921,192.67880249023438,-59.171165466308594,0.0018474578391760588
5937951799,0,14.734683148850543,192.67880249023438,-59.171165466308594,0.0018474578391760588
5962951799,0,14.527369245295084,192.67880249023438,-59.171165466308594,0.0018474578391760588
5987951800,0,14.317476846111665,192.67880249023438,-59.171165466308594,0.0018474578391760588
6012951800,0,14.10512017824751,192.67880249023438,-59.171165466308594,0.0018474578391760588
6037951800,0,13.890407725727053,192.67880249023438,-59.171165466308594,0.0018474578391760588
6062951801,0,13.673484968421787,192.67880249023438,-59.171165466308594,0.0018474578391760588
6087951801,0,13.454556741156843,192.67880249023438,-59.171165466308594,0.0018474578391760588
6112951802,0,13.233829301043338,192.67880249023438,-59.171165466308594,0.0018474578391760588
6137951802,0,13.011524171106648,192.67880249023438,-59.171165466308594,0.0018474578391760588
6162951802,0,12.787877396661996,192.67880249023438,-59.171165466308594,0.0018474578391760588
6187951803,0,12.563171532171255,192.67880249023438,-59.171165466308594,0.0018474578391760588
6212951803,0,12.33798563899219,192.67880249023438,-59.171165466308594,0.0018474578391760588
6237951803,0,12.113014456257812,192.67880249023438,-59.171165466308594,0.0018474578391760588
6262951804,0,11.888960681535885,192.67880249023438,-59.171165466308594,0.0016283798031508923
6287951804,0,11.666440682830052,192.67880249023438,-59.171165466308594,0.0014881134266033769
6312951805,0,11.446042431237531,192.67880249023438,-59.171165466308594,0.0014034652849659324
6337951805,0,11.228354178201178,192.67880249023438,-59.171165466308594,0.0013574600452557206
6362951805,0,11.01380178880467,192.67880249023438,-59.171165466308594,0.0013378524454310536
6387951806,0,10.802623138077212,192.67880249023438,-59.171165466308594,0.0013356780400499701
6412951806,0,10.595031868616616,192.67880249023438,-59.171165466308594,0.0013445663498714566
6437951806,0,10.391195563284425,192.67880249023438,-59.171165466308594,0.0013600540114566684
6462951807,0,10.191273863904044,192.67880249023438,-59.171165466308594,0.0013790893135592341
6487951807,0,9.995397054795237,192.67880249023438,-59.171165466308594,0.0013995361514389515
6512951808,0,9.803656103257444,192.67880249023438,-59.171165466308594,0.001419982872903347
6537951808,0,9.616172137892292,192.67880249023438,-59.171165466308594,0.0014395522885024548
6562951808,0,9.432989949402995,192.67880249023438,-59.171165466308594,0.0014577483525499701
6587951809,0,9.254202253069147,192.67880249023438,-59.171165466308594,0.0014742660569027066
6612951809,0,9.079863375136101,192.67880249023438,-59.171165466308594,0.0014890671009197831
6637951809,0,8.910004158952768,192.67880249023438,-59.171165466308594,0.0015021514846011996
6662951810,0,8.744660771629897,192.67880249023438,-59.171165466308594,0.0015135573921725154
6687951810,0,8.583864658995594,192.67880249023438,-59.171165466308594,0.0015234756283462048
6712951811,0,8.42765119612163,192.67880249023438,-59.171165466308594,0.0015319824451580644
6737951811,0,8.276021615508368,192.67880249023438,-59.171165466308594,0.001539268414489925
6762951811,0,8.128999405732166,192.67880249023438,-59.171165466308594,0.0015454483218491077
6787951812,0,7.9865931886325265,192.67880249023438,-59.171165466308594,0.0015506744384765625
6812951812,0,7.848786958598496,192.67880249023438,-59.171165466308594,0.0015550995012745261
6837951812,0,7.715600988905303,192.67880249023438,-59.171165466308594,0.0015587997622787952
6862951813,0,7.587022721333046,192.67880249023438,-59.171165466308594,0.0015618896577507257
6887951813,0,7.463044256577877,192.67880249023438,-59.171165466308594,0.0015644836239516735
6912951814,0,7.343637938747239,192.67880249023438,-59.171165466308594,0.0015666198451071978
6937951814,0,7.228821275619479,192.67880249023438,-59.171165466308594,0.0015684127574786544
6962951814,0,7.1185758967048205,192.67880249023438,-59.171165466308594,0.00156993861310184
6987951815,0,7.012885915265845,192.67880249023438,-59.171165466308594,0.0015711593441665173
7012951815,0,6.911741162236393,192.67880249023438,-59.171165466308594,0.0015721892705187201
7037951815,0,6.815123754415487,192.67880249023438,-59.171165466308594,0.0015721892705187201
7062951816,0,6.723015210407146,192.67880249023438,-59.171165466308594,0.0015721892705187201
7087951816,0,6.6353976774771075,192.67880249023438,-59.171165466308594,0.0015721892705187201
7112951816,0,6.552253572222606,192.67880249023438,-59.171165466308594,0.0015721892705187201
7137951817,0,6.47354354546662,192.67880249023438,-59.171165466308594,0.0015721892705187201
7162951817,0,6.399250635152891,192.67880249023438,-59.171165466308594,0.0015721892705187201
7187951818,0,6.329351440645076,192.67880249023438,-59.171165466308594,0.0015721892705187201
7212951818,0,6.263828867180874,192.67880249023438,-59.171165466308594,0.0015721892705187201
7237951818,0,6.2026428668086835,192.67880249023438,-59.171165466308594,0.0015721892705187201
7262951819,0,6.145771222816627,192.67880249023438,-59.171165466308594,0.0015721892705187201
7287951819,0,6.093209252110315,192.67880249023438,-59.171165466308594,0.0015721892705187201
7312951819,0,6.044927266207937,192.67880249023438,-59.171165466308594,0.0015721892705187201
7337951820,0,6.0008758315667565,192.67880249023438,-59.171165466308594,0.0015721892705187201
7362951820,0,5.96105617796357,192.67880249023438,-59.171165466308594,0.0015721892705187201
7387951821,0,5.925436787921556,192.67880249023438,-59.171165466308594,0.0015721892705187201
7412951821,0,5.89414097593722,192.67880249023438,-59.171165466308594,0.0015721892705187201
7437951821,0,5.867451316447937,192.67880249023438,-59.171165466308594,0.0015721892705187201
7462951822,0,5.847509858347012,192.67880249023438,-59.171165466308594,0.0015721892705187201
7487951822,0,5.834813508634215,192.67880249023438,-59.171165466308594,0.0015721892705187201
7512951822,0,5.828796839900814,192.67880249023438,-59.171165466308594,0.0015721892705187201
7537951823,0,5.828797708757671,192.67880249023438,-59.171165466308594,0.0015721892705187201
7562951823,0,5.828759257781009,192.67880249023438,-59.171165466308594,0.0015721892705187201
7587951824,0,5.828682314486207,192.67880249023438,-59.171165466308594,0.0015721892705187201
7612951824,0,5.828582316842756,192.67880249023438,-59.171165466308594,0.0015721892705187201
7637951824,0,5.830949756555345,192.67881774902344,-59.1686897277832,0.001552047673612833
7662951825,0,5.84243775603546,192.678955078125,-59.15708541870117,0.0014822768280282617
7687951825,0,5.861824648257525,192.67916870117188,-59.137596130371094,0.0014003753894940019
7712951825,0,5.887925048625969,192.67947387695312,-59.11140060424805,0.0013238906394690275
7737951826,0,5.919742866366188,192.67984008789062,-59.07949447631836,0.0012605285737663507
7762951826,0,5.95646978973032,192.68026733398438,-59.042694091796875,0.0012126922374591231
7787951827,0,5.997430968246651,192.68075561523438,-59.00166702270508,0.001179656945168972
7812951827,0,6.04207691121476,192.68128967285156,-58.95695495605469,0.0011597824050113559
7837951827,0,6.089983961558197,192.68185424804688,-58.90898895263672,0.0011506652226671576
7862951828,0,6.14080471960478,192.68243408203125,-58.858123779296875,0.0011499786050990224
7887951828,0,6.194242709324378,192.6830596923828,-58.80464172363281,0.0011555480305105448
7912951828,0,6.250088230074367,192.68373107910156,-58.7487678527832,0.0011655044509097934
7937951829,0,6.308153120541835,192.6844024658203,-58.69066619873047,0.0011783981462940574
7962951829,0,6.368301908612394,192.68511962890625,-58.630496978759766,0.0011930465698242188
7987951830,0,6.430410374301423,192.6858367919922,-58.568359375,0.0012084960471838713
8012951830,0,6.4944035983464365,192.68658447265625,-58.50434494018555,0.0012240218929946423
8037951830,0,6.560186257267926,192.68736267089844,-58.438533782958984,0.0012394333025440574
8062951831,0,6.627734686026979,192.68814086914062,-58.37097930908203,0.0012541961623355746
8087951831,0,6.696962375540536,192.68896484375,-58.30173873901367,0.0012682342203333974
8112951831,0,6.767852382617238,192.6897735595703,-58.2308349609375,0.0012812423519790173
8137951832,0,6.840361100504768,192.69064331054688,-58.1583137512207,0.0012932968093082309
8162951832,0,6.914459719215159,192.69149780273438,-58.08420181274414,0.0013042831560596824
8187951833,0,6.9901384997085865,192.69239807128906,-58.00851058959961,0.0013143157120794058
8212951833,0,7.067361867351257,192.69329833984375,-57.9312744140625,0.001323432894423604
8237951833,0,7.1461302513615985,192.6942138671875,-57.85249328613281,0.0013316344702616334
8262951834,0,7.226420778684573,192.6951446533203,-57.77219009399414,0.0013389968080446124
8287951834,0,7.308241489852666,192.69610595703125,-57.690364837646484,0.0013455962762236595
8312951834,0,7.391553843994472,192.69708251953125,-57.60704040527344,0.0013514709426090121
8337951835,0,7.476368882770189,192.69805908203125,-57.522220611572266,0.0013567352434620261
8362951835,0,7.562661126668831,192.69908142089844,-57.435916900634766,0.001361427246592939
8387951835,0,7.650444226172536,192.70008850097656,-57.34812927246094,0.0013656234368681908
8412951836,0,7.739700715557907,192.70114135742188,-57.25886917114258,0.0013693236978724599
8437951836,0,7.830410730574254,192.70220947265625,-57.168148040771484,0.0013726424658671021
8462951837,0,7.922592950694607,192.70327758789062,-57.07596206665039,0.001375656109303236
8487951837,0,8.016232916871378,192.70437622070312,-56.98231887817383,0.001378288259729743
8512951837,0,8.11132259905565,192.7054901123047,-56.88722610473633,0.001380653353407979
8537951838,0,8.208010750439142,192.7066192626953,-56.79070281982422,0.0013828277587890625
8562951838,0,8.30540836924993,192.70774841308594,-56.69276809692383,0.0013850402319803834
8587951838,0,8.404145897733606,192.70892333984375,-56.59347152709961,0.001387367257848382
8612951839,0,8.504134476701967,192.71009826660156,-56.49283981323242,0.0013898086035624146
8637951839,0,8.605244818944328,192.71128845214844,-56.39094161987305,0.0013926696265116334
8662951840,0,8.707354883949403,192.71249389648438,-56.28781509399414,0.0013958358904346824
8687951840,0,8.810109253197885,192.7136993408203,-56.18352508544922,0.0013993835309520364
8712951840,0,8.912723409985263,192.71493530273438,-56.07811737060547,0.001403274480253458
8737951841,0,9.01460929627525,192.7161865234375,-55.97166061401367,0.0014075469225645065
8762951841,0,9.115572800781539,192.71743774414062,-55.86420440673828,0.0014121246058493853
8787951841,0,9.215849311123632,192.71868896484375,-55.75580978393555,0.0014170074136927724
8812951842,0,9.315505101913425,192.719970703125,-55.64652633666992,0.001422080909833312
8837951842,0,9.41420620262115,192.7212677001953,-55.53641891479492,0.0014274215791374445
8862951843,0,9.511817115284087,192.72254943847656,-55.4255256652832,0.001432876568287611
8887951843,0,9.607935601643938,192.72384643554688,-55.31390380859375,0.0014384078094735742
8912951843,0,9.702102665538328,192.7251739501953,-55.201595306396484,0.0014439773513004184
8937951844,0,9.793426156910778,192.72650146484375,-55.08864974975586,0.0014496612129732966
8962951844,0,9.88202158550628,192.7278289794922,-54.97511291503906,0.001455230638384819
8987951844,0,9.968042561810075,192.72915649414062,-54.86100769042969,0.0014607238117605448
9012951845,0,10.05156535358493,192.73048400878906,-54.746395111083984,0.0014661407331004739
9037951845,0,10.132661374524675,192.7318115234375,-54.63129425048828,0.0014714431017637253
9062951846,0,10.211444658027983,192.73318481445312,-54.51573944091797,0.0014766693348065019
9087951846,0,10.288021999886126,192.7345428466797,-54.39977264404297,0.0014817046467214823
9112951846,0,10.362466883649363,192.7359161376953,-54.28342056274414,0.001486549386754632
9137951847,0,10.434859386396086,192.73727416992188,-54.16670227050781,0.001491279574111104
9162951847,0,10.505214753820178,192.7386474609375,-54.04964828491211,0.0014957808889448643
9187951847,0,10.573567638099313,192.74002075195312,-53.93228530883789,0.001500091515481472
9212951848,0,10.639945060920095,192.7413787841797,-53.814632415771484,0.0015042495215311646
9237951848,0,10.704360920156562,192.7427520751953,-53.696712493896484,0.0015081786550581455
9262951849,0,10.766819698842731,192.74411010742188,-53.57854461669922,0.0015119552845135331
9287951849,0,10.827325206183046,192.7454833984375,-53.460140228271484,0.0015155029250308871
9312951849,0,10.885886064788604,192.74685668945312,-53.341522216796875,0.0015188598772510886
9337951850,0,10.942482862669712,192.74826049804688,-53.22270965576172,0.0015220260247588158
9362951850,0,10.997134328861467,192.74966430664062,-53.10369873046875,0.001525077736005187
9387951850,0,11.049812435533255,192.75106811523438,-52.98452377319336,0.0015278625069186091
9412951851,0,11.10053409566501,192.75247192382812,-52.86519241333008,0.0015305709093809128
9437951851,0,11.149279572910569,192.75387573242188,-52.74571228027344,0.001533088623546064
9462951852,0,11.196057153406391,192.7552947998047,-52.62609100341797,0.0015354156494140625
9487951852,0,11.240842631462959,192.75669860839844,-52.50634765625,0.0015376663068309426
9512951852,0,11.283636994900919,192.7581024169922,-52.38648986816406,0.001539688091725111
9537951853,0,11.324436097844538,192.75950622558594,-52.26651382446289,0.0015416716923937201
9562951853,0,11.363221198387544,192.7609100341797,-52.14644241333008,0.001543502788990736
9587951853,0,11.400006894215315,192.76231384277344,-52.02627182006836,0.0015451812651008368
9612951854,0,11.434767142096144,192.76373291015625,-51.90602111816406,0.001546783372759819
9637951854,0,11.467512728396326,192.76513671875,-51.78567886352539,0.001548232976347208
9662951854,0,11.49824016548792,192.76654052734375,-51.66525650024414,0.0015496443957090378
9687951855,0,11.526930382827322,192.7679443359375,-51.54477310180664,0.0015509033109992743
9712951855,0,11.554769217847253,192.76934814453125,-51.42422103881836,0.0015520858578383923
9737951856,0,11.58272571662112,192.770751953125,-51.30360412597656,0.0015531921526417136
9762951856,0,11.610776637066605,192.7721710205078,-51.18293380737305,0.0015542602632194757
9787951856,0,11.638919439961288,192.77357482910156,-51.06220626831055,0.001555213937535882
9812951857,0,11.667145513440591,192.7749786376953,-50.941429138183594,0.001556129427626729
9837951857,0,11.695440563633023,192.77638244628906,-50.82061004638672,0.0015569686656817794
9862951857,0,11.723811569501542,192.7777862548828,-50.699745178222656,0.0015577316517010331
9887951858,0,11.752247088937489,192.77919006347656,-50.57883834838867,0.001558494521304965
9912951858,0,11.780751258106188,192.7805938720703,-50.457889556884766,0.0015591430710628629
9937951859,0,11.809313595512183,192.78201293945312,-50.3369140625,0.001559791504405439
9962951859,0,11.83794394242981,192.78341674804688,-50.21589660644531,0.0015603256179019809
9987951859,0,11.866627366379259,192.78482055664062,-50.094852447509766,0.001560859614983201
10012951860,0,11.895374995303435,192.78622436523438,-49.973777770996094,0.0015613555442541838
10037951860,0,11.924164267656723,192.78762817382812,-49.852684020996094,0.0015618132892996073
10062951860,0,11.953018070036281,192.78903198242188,-49.7315559387207,0.0015622710343450308
10087951861,0,11.98191765268592,192.7904510498047,-49.610408782958984,0.0015626525273546576
10112951861,0,12.010877956518415,192.79185485839844,-49.48923110961914,0.0015629958361387253
10137951862,0,12.039891041780384,192.7932586669922,-49.36803436279297,0.0015633773291483521
10162951862,0,12.068949600470317,192.79466247558594,-49.24681854248047,0.0015636443858966231
10187951862,0,12.098066017089334,192.7960662841797,-49.12558364868164,0.0015639876946806908
10212951863,0,12.126770213699842,192.79747009277344,-49.004329681396484,0.0015642165672034025
10237951863,0,12.15304519209324,192.79888916015625,-48.883056640625,0.0015644836239516735
10262951863,0,12.176759141940934,192.80029296875,-48.76177215576172,0.0015647124964743853
10287951864,0,12.198050338564133,192.80169677734375,-48.64046859741211,0.0015649031847715378
10312951864,0,12.217002089415534,192.8031005859375,-48.5191535949707,0.0015650939894840121
10337951865,0,12.233702130208641,192.80450439453125,-48.39781951904297,0.0015652846777811646
10362951865,0,12.248211492966757,192.805908203125,-48.2764778137207,0.001565475482493639
10387951865,0,12.26058862538147,192.8073272705078,-48.15512466430664,0.0015656279865652323
10412951866,0,12.270893623015015,192.80873107910156,-48.03375244140625,0.0015658187912777066
10437951866,0,12.27915730573573,192.8101348876953,-47.91237258911133,0.0015659332275390625
10462951866,0,12.28541658748708,192.81153869628906,-47.79098129272461,0.0015660476638004184
10487951867,0,12.289704426992005,192.8129425048828,-47.669578552246094,0.0015661621000617743
10512951867,0,12.292030735019031,192.81434631347656,-47.54816818237305,0.0015662765363231301
10537951868,0,12.292438375625077,192.8157501220703,-47.42674255371094,0.001566390972584486
10562951868,0,12.290942296718772,192.81716918945312,-47.30530548095703,0.0015664672246202826
10587951868,0,12.287546309680936,192.81857299804688,-47.183860778808594,0.0015665435930714011
10612951869,0,12.282261598276657,192.81997680664062,-47.06241226196289,0.0015666198451071978
10637951869,0,12.275110737543638,192.82138061523438,-46.94095230102539,0.0015666960971429944
10662951869,0,12.266101446539652,192.82278442382812,-46.819480895996094,0.0015667724655941129
10687951870,0,12.255249641704486,192.82418823242188,-46.698001861572266,0.0015668487176299095
10712951870,0,12.242543919891608,192.8256072998047,-46.57651901245117,0.0015668869018554688
10737951871,0,12.228008081792987,192.82701110839844,-46.45502471923828,0.0015669249696657062
10762951871,0,12.211649764580743,192.8284149169922,-46.333518981933594,0.0015670013381168246
10787951871,0,12.193460455819357,192.82981872558594,-46.21200942993164,0.001567039405927062
10812951872,0,12.173448971303294,192.8312225341797,-46.09049606323242,0.0015670775901526213
10837951872,0,12.151615013284031,192.83262634277344,-45.96897506713867,0.0015670775901526213
10862951872,0,12.127982347656294,192.83404541015625,-45.84743881225586,0.001567153842188418
10887951873,0,12.10254068880355,192.83544921875,-45.72590255737305,0.001567153842188418
10912951873,0,12.075295325004218,192.83685302734375,-45.6043586730957,0.0015672302106395364
10937951873,0,12.046267960596577,192.8382568359375,-45.48280715942383,0.0015672682784497738
10962951874,0,12.015444222221316,192.83966064453125,-45.36124801635742,0.001567306462675333
10987951874,0,11.982838777094814,192.841064453125,-45.23968505859375,0.001567306462675333
11012951875,0,11.948447809909174,192.8424835205078,-45.11811447143555,0.001567306462675333
11037951875,0,11.912294204150214,192.84388732910156,-44.99653625488281,0.001567306462675333
11062951875,0,11.874358889640856,192.8452911376953,-44.87495422363281,0.0015673828311264515
11087951876,0,11.834664456188012,192.84669494628906,-44.75336456298828,0.0015673828311264515
11112951876,0,11.793219411705271,192.8480987548828,-44.63176727294922,0.0015673828311264515
11137951876,0,11.750015248194744,192.84950256347656,-44.51016616821289,0.0015673828311264515
11162951877,0,11.705063992972027,192.8509063720703,-44.38855743408203,0.0015673828311264515
11187951877,0,11.65837327355734,192.85232543945312,-44.26694869995117,0.0015673828311264515
11212951878,0,11.609951009637834,192.85372924804688,-44.14532470703125,0.0015673828311264515
11237951878,0,11.559799845345044,192.85513305664062,-44.02370071411133,0.001567420898936689
11262951878,0,11.507912737365453,192.85653686523438,-43.902069091796875,0.001567420898936689
11287951879,0,11.45430494188711,192.85794067382812,-43.78042984008789,0.001567420898936689
11312951879,0,11.39898350269358,192.85934448242188,-43.65878677368164,0.0015674590831622481
11337951879,0,11.341959862725114,192.8607635498047,-43.53713607788086,0.0015674590831622481
11362951880,0,11.283219934187573,192.86216735839844,-43.41548156738281,0.0015674590831622481
11387951880,0,11.22278278661745,192.8635711669922,-43.2938232421875,0.0015674590831622481
11412951881,0,11.1606557550228,192.86497497558594,-43.172157287597656,0.0015674972673878074
11437951881,0,11.096830337563325,192.8663787841797,-43.05048751831055,0.0015674972673878074
11462951881,0,11.031329710343694,192.86778259277344,-42.92880630493164,0.0015674972673878074
11487951882,0,10.964138617832605,192.86920166015625,-42.80712890625,0.0015674972673878074
11512951882,0,10.89533011179496,192.87060546875,-42.68544006347656,0.0015674972673878074
11537951882,0,10.82497637061873,192.87200927734375,-42.563743591308594,0.0015674972673878074
11562951883,0,10.753212958424779,192.8734130859375,-42.44204330444336,0.0015674972673878074
11587951883,0,10.68020886277664,192.87481689453125,-42.32033920288086,0.0015674972673878074
11612951884,0,10.606133979002506,192.876220703125,-42.198631286621094,0.0015674972673878074
11637951884,0,10.531208323565176,192.8776397705078,-42.07691192626953,0.0015674972673878074
11662951884,0,10.455947674437468,192.87904357910156,-41.95519256591797,0.0015675353351980448
11687951885,0,10.381067283206798,192.8804473876953,-41.833465576171875,0.0015675353351980448
11712951885,0,10.307228191954552,192.88185119628906,-41.71173858642578,0.0015675353351980448
11737951885,0,10.235057909533703,192.8832550048828,-41.59000015258789,0.0015675353351980448
11762951886,0,10.16513853009108,192.88465881347656,-41.46826171875,0.0015675353351980448
11787951886,0,10.098057690118353,192.8860626220703,-41.34651184082031,0.0015675353351980448
11812951887,0,10.034209075809864,192.88748168945312,-41.22476577758789,0.0015675353351980448
11837951887,0,9.973840571766816,192.88888549804688,-41.10301208496094,0.0015676117036491632
11862951887,0,9.917356750781703,192.89028930664062,-40.98125457763672,0.0015676117036491632
11887951888,0,9.865333815491566,192.89169311523438,-40.85948944091797,0.0015676117036491632
11912951888,0,9.817715755576518,192.89309692382812,-40.73772430419922,0.0015676497714594007
11937951888,0,9.774296299022586,192.89450073242188,-40.6159553527832,0.0015676879556849599
11962951889,0,9.733957871638285,192.8959197998047,-40.49418640136719,0.0015677261399105191
11987951889,0,9.695574061900357,192.89732360839844,-40.372413635253906,0.0015677261399105191
12012951890,0,9.65806281385264,192.8987274169922,-40.25063705444336,0.0015677261399105191
12037951890,0,9.620563150121562,192.90013122558594,-40.12886047363281,0.0015677642077207565
12062951890,0,9.583113858965216,192.9015350341797,-40.007076263427734,0.0015677642077207565
12087951891,0,9.545719936606648,192.90293884277344,-39.88529586791992,0.0015677642077207565
12112951891,0,9.50839171196189,192.90435791015625,-39.763511657714844,0.0015678023919463158
12137951891,0,9.47112100195265,192.90576171875,-39.6417236328125,0.001567840576171875
12162951892,0,9.433915154814152,192.90716552734375,-39.519935607910156,0.0015678786439821124
12187951892,0,9.396777702171159,192.9085693359375,-39.39814758300781,0.0015678786439821124
12212951892,0,9.359705398860342,192.90997314453125,-39.2763557434082,0.0015678786439821124
12237951893,0,9.32284614747409,192.911376953125,-39.154563903808594,0.0015679168282076716
12262951893,0,9.286861521071067,192.9127960205078,-39.03276824951172,0.0015679168282076716
12287951894,0,9.252400773774792,192.91419982910156,-38.91097640991211,0.0015679168282076716
12312951894,0,9.220117352553174,192.9156036376953,-38.78917694091797,0.0015679168282076716
12337951894,0,9.19063789103493,192.91700744628906,-38.667381286621094,0.0015679550124332309
12362951895,0,9.164629261898998,192.9184112548828,-38.54558563232422,0.0015679930802434683
12387951895,0,9.143293768903115,192.91981506347656,-38.423789978027344,0.0015679930802434683
12412951895,0,9.126915971535743,192.9212188720703,-38.3019905090332,0.0015679930802434683
12437951896,0,9.115455290839234,192.92263793945312,-38.18019104003906,0.0015680312644690275
12462951896,0,9.10890788624516,192.92404174804688,-38.058387756347656,0.0015680312644690275
12487951897,0,9.107241785023211,192.92544555664062,-37.93658447265625,0.0015680312644690275
12512951897,0,9.110422634520733,192.92684936523438,-37.81478500366211,0.0015680694486945868
12537951897,0,9.118465310968704,192.92825317382812,-37.6929817199707,0.0015680694486945868
12562951898,0,9.131331595190558,192.92965698242188,-37.57118225097656,0.0015680694486945868
12587951898,0,9.148879733974336,192.9310760498047,-37.449378967285156,0.0015680694486945868
12612951898,0,9.170666960670141,192.93247985839844,-37.32757568359375,0.0015680694486945868
12637951899,0,9.196208284041354,192.9338836669922,-37.20577621459961,0.0015680694486945868
12662951899,0,9.224934819663224,192.93528747558594,-37.0839729309082,0.0015680694486945868
12687951900,0,9.256322615056755,192.9366912841797,-36.96216583251953,0.0015680694486945868
12712951900,0,9.29002870302632,192.93809509277344,-36.84035873413086,0.0015680694486945868
12737951900,0,9.325664631219313,192.93951416015625,-36.71855545043945,0.0015681075165048242
12762951901,0,9.362885160598672,192.94091796875,-36.59674835205078,0.0015681457007303834
12787951901,0,9.401398901032206,192.94232177734375,-36.47494125366211,0.0015681457007303834
12812951901,0,9.440885764702168,192.9437255859375,-36.35313415527344,0.0015681457007303834
12837951902,0,9.481002492820187,192.94512939453125,-36.231327056884766,0.0015681457007303834
12862951902,0,9.521371213978336,192.946533203125,-36.109519958496094,0.0015681457007303834
12887951903,0,9.561614340635034,192.9479522705078,-35.98771286010742,0.0015681457007303834
12912951903,0,9.60138395750005,192.94935607910156,-35.86590576171875,0.0015681457007303834
12937951903,0,9.640437380564643,192.9507598876953,-35.744102478027344,0.0015681457007303834
12962951904,0,9.678541116049916,192.95216369628906,-35.62229537963867,0.0015681457007303834
12987951904,0,9.715519163360563,192.9535675048828,-35.50048828125,0.0015681457007303834
13012951904,0,9.75124241156888,192.95497131347656,-35.37868118286133,0.0015681457007303834
13037951905,0,9.785580626096662,192.9563751220703,-35.256874084472656,0.0015681457007303834
13062951905,0,9.818432228566579,192.95779418945312,-35.135066986083984,0.0015681838849559426
13087951906,0,9.849707539054398,192.95919799804688,-35.01325988769531,0.0015681457007303834
13112951906,0,9.879344975437641,192.96060180664062,-34.89145278930664,0.0015681457007303834
13137951906,0,9.907268539489742,192.96200561523438,-34.769649505615234,0.0015681838849559426
13162951907,0,9.933444185648833,192.96340942382812,-34.64784240722656,0.0015681457007303834
13187951907,0,9.957825312820958,192.96481323242188,-34.52603530883789,0.0015681457007303834
13212951907,0,9.980375450116588,192.9662322998047,-34.40422821044922,0.0015681457007303834
13237951908,0,10.001071434101203,192.96763610839844,-34.28242111206055,0.0015681457007303834
13262951908,0,10.019895852000474,192.9690399169922,-34.160614013671875,0.0015681457007303834
13287951909,0,10.036817077291104,192.97044372558594,-34.0388069152832,0.0015681457007303834
13312951909,0,10.051844392271821,192.9718475341797,-33.91699981689453,0.0015681457007303834
13337951909,0,10.06494645206766,192.97325134277344,-33.79519271850586,0.0015681457007303834
13362951910,0,10.076118612809518,192.97467041015625,-33.67338943481445,0.0015681457007303834
13387951910,0,10.085364687554328,192.97607421875,-33.55158233642578,0.0015681838849559426
13412951910,0,10.092683846432683,192.97747802734375,-33.42977523803711,0.0015681838849559426
13437951911,0,10.098065477053577,192.9788818359375,-33.30796813964844,0.0015681457007303834
13462951911,0,10.101516653076896,192.98028564453125,-33.186161041259766,0.0015681838849559426
13487951911,0,10.103030853992417,192.981689453125,-33.064353942871094,0.0015681838849559426
13512951912,0,10.102611619824946,192.9831085205078,-32.94254684448242,0.0015681838849559426
13537951912,0,10.100266025302949,192.98451232910156,-32.82073974609375,0.0015681838849559426
13562951913,0,10.09599097926231,192.9859161376953,-32.698936462402344,0.0015681838849559426
13587951913,0,10.089800906840335,192.98731994628906,-32.57712936401367,0.0015681838849559426
13612951913,0,10.08169761181289,192.9887237548828,-32.455322265625,0.0015681838849559426
13637951914,0,10.07168417519044,192.99012756347656,-32.33351516723633,0.0015681838849559426
13662951914,0,10.05976251845081,192.9915313720703,-32.211708068847656,0.0015681838849559426
13687951914,0,10.045951880390636,192.99295043945312,-32.089900970458984,0.0015681838849559426
13712951915,0,10.030247022475042,192.99435424804688,-31.968095779418945,0.0015681838849559426
13737951915,0,10.012660826910585,192.99575805664062,-31.846288681030273,0.0015681838849559426
13762951916,0,9.993199329022975,192.99716186523438,-31.7244815826416,0.0015681838849559426
13787951916,0,9.971876669799082,192.99856567382812,-31.60267448425293,0.0015681838849559426
13812951916,0,9.94868124438203,192.99996948242188,-31.48086929321289,0.0015681838849559426
13837951917,0,9.923647130332718,193.0013885498047,-31.35906219482422,0.0015681838849559426
13862951917,0,9.896761602273909,193.00279235839844,-31.237255096435547,0.0015681838849559426
13887951917,0,9.869889286735907,193.0041961669922,-31.115447998046875,0.0015681838849559426
13912951918,0,9.843065495002376,193.00559997558594,-30.993642807006836,0.0015681838849559426
13937951918,0,9.816291096476418,193.0070037841797,-30.871835708618164,0.0015681838849559426
13962951919,0,9.789569116897981,193.00840759277344,-30.750028610229492,0.0015681838849559426
13987951919,0,9.762892193673194,193.00982666015625,-30.62822151184082,0.0015681838849559426
14012951919,0,9.736257558547177,193.01123046875,-30.50641441345215,0.0015681838849559426
14037951920,0,9.709669808492501,193.01263427734375,-30.38460922241211,0.0015681838849559426
14062951920,0,9.683127693794058,193.0140380859375,-30.262802124023438,0.0015681838849559426
14087951920,0,9.656637212845666,193.01544189453125,-30.140995025634766,0.0015681838849559426
14112951921,0,9.630192659698952,193.016845703125,-30.019187927246094,0.0015681838849559426
14137951921,0,9.603794581298539,193.0182647705078,-29.897382736206055,0.0015681838849559426
14162951922,0,9.577448657765887,193.01966857910156,-29.775575637817383,0.0015681838849559426
14187951922,0,9.55114823468775,193.0210723876953,-29.65376853942871,0.0015681838849559426
14212951922,0,9.525057663774653,193.02247619628906,-29.53196144104004,0.0015681838849559426
14237951923,0,9.49984597128894,193.0238800048828,-29.41015625,0.0015681838849559426
14262951923,0,9.476155146400563,193.02528381347656,-29.288349151611328,0.0015681838849559426
14287951923,0,9.45464244531449,193.0266876220703,-29.166542053222656,0.0015681838849559426
14312951924,0,9.43594254996148,193.02810668945312,-29.044734954833984,0.0015681838849559426
14337951924,0,9.420715911798553,193.02951049804688,-28.922929763793945,0.0015681838849559426
14362951925,0,9.40960862285403,193.03091430664062,-28.801122665405273,0.0015681838849559426
14387951925,0,9.401047006136809,193.03231811523438,-28.6793155670166,0.0015681838849559426
14412951925,0,9.391048559050247,193.03372192382812,-28.55750846862793,0.0015681838849559426
14437951926,0,9.380901674906912,193.03512573242188,-28.43570327758789,0.0015681838849559426
14462951926,0,9.371338643745371,193.0365447998047,-28.31389617919922,0.0015681838849559426
14487951926,0,9.362527013977967,193.03794860839844,-28.192089080810547,0.0015681838849559426
14512951927,0,9.354518523000543,193.0393524169922,-28.070281982421875,0.0015681838849559426
14537951927,0,9.346755726983146,193.04075622558594,-27.948476791381836,0.0015681838849559426
14562951928,0,9.338782172221986,193.0421600341797,-27.826669692993164,0.0015681838849559426
14587951928,0,9.330693612285911,193.04356384277344,-27.704862594604492,0.0015681838849559426
14612951928,0,9.322604490263757,193.04498291015625,-27.58305549621582,0.0015681838849559426
14637951929,0,9.314707126239666,193.04638671875,-27.46125030517578,0.0015681838849559426
14662951929,0,9.307537023270296,193.04779052734375,-27.33944320678711,0.0015681838849559426
14687951929,0,9.301610676474322,193.0491943359375,-27.217636108398438,0.0015681838849559426
14712951930,0,9.297462341324211,193.05059814453125,-27.095829010009766,0.0015681838849559426
14737951930,0,9.295490015428536,193.052001953125,-26.974021911621094,0.0015681838849559426
14762951930,0,9.29496668012866,193.0534210205078,-26.852216720581055,0.0015681838849559426
14787951931,0,9.295459681722534,193.05482482910156,-26.730409622192383,0.0015681838849559426
14812951931,0,9.296828015893157,193.0562286376953,-26.60860252380371,0.0015681838849559426
14837951932,0,9.299060488469992,193.05763244628906,-26.48679542541504,0.0015681838849559426
14862951932,0,9.302137530239252,193.0590362548828,-26.364990234375,0.0015681838849559426
14887951932,0,9.306052676937727,193.06044006347656,-26.243183135986328,0.0015681838849559426
14912951933,0,9.31079637522614,193.0618438720703,-26.121376037597656,0.0015681838849559426
14937951933,0,9.316337510721638,193.06326293945312,-25.999568939208984,0.0015681838849559426
14962951933,0,9.322620184113969,193.06466674804688,-25.877763748168945,0.0015681838849559426
14987951934,0,9.329632661560336,193.06607055664062,-25.755956649780273,0.0015681838849559426
15012951934,0,9.337326977052332,193.06747436523438,-25.6341495513916,0.0015681838849559426
15037951935,0,9.345626564632422,193.06887817382812,-25.51234245300293,0.0015681838849559426
15062951935,0,9.354420371234378,193.07028198242188,-25.39053726196289,0.0015681838849559426
15087951935,0,9.363555829940523,193.0717010498047,-25.26873016357422,0.0015681838849559426
15112951936,0,9.372835073833778,193.07310485839844,-25.146923065185547,0.0015681838849559426
15137951936,0,9.382062084473619,193.0745086669922,-25.025115966796875,0.0015681838849559426
15162951936,0,9.391046339232629,193.07591247558594,-24.903310775756836,0.0015681838849559426
15187951937,0,9.399615071381291,193.0773162841797,-24.781503677368164,0.0015681838849559426
15212951937,0,9.407573300441893,193.07872009277344,-24.659696578979492,0.0015681838849559426
15237951938,0,9.414745868088486,193.08013916015625,-24.53788948059082,0.0015681838849559426
15262951938,0,9.42100175873866,193.08154296875,-24.41608428955078,0.0015681838849559426
15287951938,0,9.426203098429385,193.08294677734375,-24.29427719116211,0.0015681838849559426
15312951939,0,9.430239059503904,193.0843505859375,-24.172470092773438,0.0015681838849559426
15337951939,0,9.433024038041237,193.08575439453125,-24.050662994384766,0.0015681838849559426
15362951939,0,9.434475473120525,193.087158203125,-23.928857803344727,0.0015681838849559426
15387951940,0,9.434551414522163,193.0885772705078,-23.807050704956055,0.0015681838849559426
15412951940,0,9.433215909708144,193.08998107910156,-23.685243606567383,0.0015681838849559426
15437951941,0,9.430471665350208,193.0913848876953,-23.56343650817871,0.0015681838849559426
15462951941,0,9.426352660094686,193.09278869628906,-23.44162940979004,0.0015681838849559426
15487951941,0,9.42092835695448,193.0941925048828,-23.31982421875,0.0015681838849559426
15512951942,0,9.41427216796629,193.09559631347656,-23.198017120361328,0.0015681838849559426
15537951942,0,9.40640572580664,193.0970001220703,-23.076210021972656,0.0015681838849559426
15562951942,0,9.397348176200516,193.09841918945312,-22.954402923583984,0.0015681838849559426
15587951943,0,9.3872161792212,193.09982299804688,-22.832597732543945,0.0015681838849559426
15612951943,0,9.37617405096553,193.10122680664062,-22.710790634155273,0.0015681838849559426
15637951944,0,9.364514978837324,193.10263061523438,-22.5889835357666,0.0015681838849559426
15662951944,0,9.35293207791646,193.10403442382812,-22.46717643737793,0.0015681838849559426
15687951944,0,9.342106190845806,193.10543823242188,-22.34537124633789,0.0015681838849559426
15712951945,0,9.332665538762045,193.1068572998047,-22.22356414794922,0.0015681838849559426
15737951945,0,9.325222803611707,193.10826110839844,-22.101757049560547,0.0015681838849559426
15762951945,0,9.32034766154492,193.1096649169922,-21.979949951171875,0.0015681838849559426
15787951946,0,9.318386981791111,193.11106872558594,-21.858144760131836,0.0015681838849559426
15812951946,0,9.31876895581329,193.1124725341797,-21.736337661743164,0.0015681838849559426
15837951947,0,9.320849236288048,193.11387634277344,-21.614530563354492,0.0015681838849559426
15862951947,0,9.323881664323796,193.11529541015625,-21.49272346496582,0.0015681838849559426
15887951947,0,9.327181652657337,193.11669921875,-21.37091827392578,0.0015681838849559426
15912951948,0,9.3305078912241,193.11810302734375,-21.24911117553711,0.0015681838849559426
15937951948,0,9.333865456974841,193.1195068359375,-21.127304077148438,0.0015681838849559426
15962951948,0,9.337261722086291,193.12091064453125,-21.005496978759766,0.0015681838849559426
15987951949,0,9.340693857518982,193.122314453125,-20.883691787719727,0.0015681838849559426
16012951949,0,9.344169227582036,193.1237335205078,-20.761884689331055,0.0015681838849559426
16037951949,0,9.347687572435415,193.12513732910156,-20.64007568359375,0.0015681838849559426
16062951950,0,9.351255587463958,193.1265411376953,-20.518266677856445,0.0015681838849559426
16087951950,0,9.354864707381745,193.12794494628906,-20.39645767211914,0.0015681838849559426
16112951951,0,9.358517262715003,193.1293487548828,-20.274648666381836,0.0015681838849559426
16137951951,0,9.362214667407455,193.13075256347656,-20.15283966064453,0.0015681838849559426
16162951951,0,9.365955259510802,193.1321563720703,-20.031030654907227,0.0015681838849559426
16187951952,0,9.369739042418683,193.13357543945312,-19.909221649169922,0.0015681838849559426
16212951952,0,9.373571000515351,193.13497924804688,-19.787410736083984,0.0015681838849559426
16237951952,0,9.377440434217075,193.13638305664062,-19.66560173034668,0.0015681838849559426
16262951953,0,9.381353071220243,193.13778686523438,-19.543792724609375,0.0015681838849559426
16287951953,0,9.385310331297788,193.13919067382812,-19.42198371887207,0.0015681838849559426
16312951954,0,9.389305501858033,193.14059448242188,-19.300174713134766,0.0015681838849559426
16337951954,0,9.393346958403894,193.1420135498047,-19.17836570739746,0.0015681838849559426
16362951954,0,9.397425824845696,193.14341735839844,-19.056556701660156,0.0015681838849559426
16387951955,0,9.402083346680827,193.1448211669922,-18.93474769592285,0.0015681838849559426
16412951955,0,9.40961742123408,193.14622497558594,-18.812938690185547,0.0015681838849559426
16437951955,0,9.41984742731994,193.1476287841797,-18.691129684448242,0.0015681838849559426
16462951956,0,9.432289788132378,193.14903259277344,-18.569320678710938,0.0015681838849559426
16487951956,0,9.44647352269733,193.15045166015625,-18.447511672973633,0.0015681838849559426
16512951957,0,9.46203666167111,193.15185546875,-18.325702667236328,0.0015681838849559426
16537951957,0,9.478615198017861,193.15325927734375,-18.203893661499023,0.0015681838849559426
16562951957,0,9.4958205923211,193.1546630859375,-18.08208465576172,0.0015681838849559426
16587951958,0,9.513295974739663,193.15606689453125,-17.960275650024414,0.0015681838849559426
16612951958,0,9.530704303425688,193.157470703125,-17.83846664428711,0.00156822195276618
16637951958,0,9.547738155113445,193.1588897705078,-17.716657638549805,0.00156822195276618
16662951959,0,9.564150517571166,193.16029357910156,-17.5948486328125,0.00156822195276618
16687951959,0,9.5797346792794,193.1616973876953,-17.473039627075195,0.00156822195276618
16712951960,0,9.594323080578969,193.16310119628906,-17.35123062133789,0.00156822195276618
16737951960,0,9.607768379753805,193.1645050048828,-17.229421615600586,0.00156822195276618
16762951960,0,9.619953497431938,193.16590881347656,-17.10761260986328,0.00156822195276618
16787951961,0,9.630785748860582,193.1673126220703,-16.985803604125977,0.00156822195276618
16812951961,0,9.640182883070024,193.16873168945312,-16.863994598388672,0.00156822195276618
16837951961,0,9.648069623569736,193.17013549804688,-16.742185592651367,0.00156822195276618
16862951962,0,9.65439904498749,193.17153930664062,-16.62037467956543,0.00156822195276618
16887951962,0,9.659110273497413,193.17294311523438,-16.498565673828125,0.00156822195276618
16912951963,0,9.662175455871402,193.17434692382812,-16.37675666809082,0.00156822195276618
16937951963,0,9.663549478375879,193.17575073242188,-16.254947662353516,0.00156822195276618
16962951963,0,9.663211704807992,193.1771697998047,-16.13313865661621,0.00156822195276618
16987951964,0,9.661138909759337,193.17857360839844,-16.011329650878906,0.00156822195276618
17012951964,0,9.657306307867358,193.1799774169922,-15.889521598815918,0.00156822195276618
17037951964,0,9.651706276539771,193.18138122558594,-15.767711639404297,0.00156822195276618
17062951965,0,9.64432190665796,193.1827850341797,-15.645902633666992,0.00156822195276618
17087951965,0,9.635151593676873,193.18418884277344,-15.524093627929688,0.00156822195276618
17112951966,0,9.624210660746721,193.18560791015625,-15.402284622192383,0.00156822195276618
17137951966,0,9.611521542624835,193.18701171875,-15.280475616455078,0.00156822195276618
17162951966,0,9.597084269016625,193.18841552734375,-15.158666610717773,0.00156822195276618
17187951967,0,9.580933011910309,193.1898193359375,-15.036857604980469,0.00156822195276618
17212951967,0,9.563098293013784,193.19122314453125,-14.915048599243164,0.00156822195276618
17237951967,0,9.543725737795949,193.192626953125,-14.793222427368164,0.0015680694486945868
17262951968,0,9.523131478566567,193.1940460205078,-14.671282768249512,0.0015671920264139771
17287951968,0,9.501799222976938,193.1954803466797,-14.549047470092773,0.0015647506806999445
17312951968,0,9.480454179132574,193.19692993164062,-14.426339149475098,0.0015604781219735742
17337951969,0,9.459898783524068,193.19837951660156,-14.303006172180176,0.0015545653877779841
17362951969,0,9.44087560281742,193.19981384277344,-14.178929328918457,0.001547317486256361
17387951970,0,9.424045925551919,193.20126342773438,-14.054008483886719,0.0015391159104183316
17412951970,0,9.410013862644382,193.20274353027344,-13.928165435791016,0.0017828368581831455
17437951970,0,9.399345880195789,193.20423889160156,-13.80133056640625,0.001921424875035882
17462951971,0,9.392480491825193,193.20571899414062,-13.673449516296387,0.0019917297177016735
17487951971,0,9.389706274786251,193.2072296142578,-13.544475555419922,0.002018585102632642
17512951971,0,9.3912638880471,193.208740234375,-13.414374351501465,0.002018623286858201
17537951972,0,9.397368785445515,193.21026611328125,-13.283111572265625,0.0020029067527502775
17562951972,0,9.408182445911198,193.2118377685547,-13.15066146850586,0.001978645334020257
17587951973,0,9.42375294318858,193.21339416503906,-13.017006874084473,0.0019505309173837304
17612951973,0,9.44378532110522,193.21495056152344,-12.882125854492188,0.0019214629428461194
17637951973,0,9.467819454097507,193.216552734375,-12.746010780334473,0.0018931960221379995
17662951974,0,9.495268092319861,193.21815490722656,-12.608644485473633,0.0018665313255041838
17687951974,0,9.525573353387632,193.21978759765625,-12.47002124786377,0.0018423843430355191
17712951974,0,9.558319906184785,193.22142028808594,-12.330135345458984,0.0018206023378297687
17737951975,0,9.593076198122136,193.2230682373047,-12.18897819519043,0.0018013763474300504
17762951975,0,9.629433488170395,193.22474670410156,-12.046548843383789,0.0017844008980318904
17787951976,0,9.667031347881139,193.22642517089844,-11.902841567993164,0.0017696762224659324
17812951976,0,9.705569678691852,193.2281036376953,-11.757855415344238,0.0017568969633430243
17837951976,0,9.744800326626796,193.2298126220703,-11.611590385437012,0.0017458343645557761
17862951977,0,9.784511876745125,193.23153686523438,-11.464046478271484,0.001736450125463307
17887951977,0,9.824540151329074,193.2332763671875,-11.315220832824707,0.0017282867338508368
17912951977,0,9.864917240147552,193.2350311279297,-11.165115356445312,0.0017213821411132812
17937951978,0,9.906501029905419,193.23678588867188,-11.013733863830566,0.0017156600952148438
17962951978,0,9.949415043843292,193.23858642578125,-10.861075401306152,0.0017106246668845415
17987951979,0,9.99365122853278,193.24038696289062,-10.707141876220703,0.0017063902923837304
18012951979,0,10.039200712416783,193.24220275878906,-10.551936149597168,0.0017028426518663764
18037951979,0,10.086065736318304,193.24403381347656,-10.395461082458496,0.0016997909406200051
18062951980,0,10.134234325638646,193.24588012695312,-10.237722396850586,0.0016973876627162099
18087951980,0,10.183705467898239,193.2477569580078,-10.078722953796387,0.0016953658778220415
18112951980,0,10.234471707706081,193.24960327148438,-9.918469429016113,0.0016936874017119408
18137951981,0,10.286532221507873,193.25149536132812,-9.756965637207031,0.0016924666706472635
18162951981,0,10.3398738323832,193.25341796875,-9.594218254089355,0.0016913223080337048
18187951982,0,10.394493559052306,193.2553253173828,-9.430233001708984,0.001690559322014451
18212951982,0,10.450387177416125,193.2572784423828,-9.2650146484375,0.001689910888671875
18237951982,0,10.507542297395602,193.2592315673828,-9.09857177734375,0.0016895293956622481
18262951983,0,10.565959201228136,193.26123046875,-8.930908203125,0.001689376775175333
18287951983,0,10.625625622005705,193.26321411132812,-8.762031555175781,0.001689109718427062
18312951983,0,10.686539534757127,193.26522827148438,-8.591948509216309,0.0016891860868781805
18337951984,0,10.748687532945322,193.26724243164062,-8.42066478729248,0.001689376775175333
18362951984,0,10.81207044403767,193.269287109375,-8.248188018798828,0.0016895293956622481
18387951985,0,10.876675480707975,193.2713623046875,-8.07452392578125,0.0016898727044463158
18412951985,0,10.942501018888485,193.2734375,-7.899678707122803,0.0016901778290048242
18437951985,0,11.008282537568391,193.27554321289062,-7.723660945892334,0.0016907119425013661
18462951986,0,11.073123442386196,193.2776336669922,-7.546474933624268,0.0016911696875467896
18487951986,0,11.13707010750088,193.27978515625,-7.368128299713135,0.0016915893647819757
18512951986,0,11.200154198804722,193.2819366455078,-7.188629150390625,0.00169200892560184
18537951987,0,11.262401755337475,193.2841033935547,-7.00798225402832,0.0016926955431699753
18562951987,0,11.323841903177263,193.28628540039062,-6.8261942863464355,0.001693305908702314
18587951987,0,11.384484551015111,193.2884979248047,-6.6432719230651855,0.0016938400221988559
18612951988,0,11.44434204204487,193.2907257080078,-6.459222316741943,0.0016944503877311945
18637951988,0,11.503417423189523,193.29296875,-6.274052619934082,0.0016951370052993298
18662951989,0,11.561722538214386,193.29522705078125,-6.087767601013184,0.0016957854386419058
18687951989,0,11.61926385422714,193.29751586914062,-5.9003753662109375,0.0016965484246611595
18712951989,0,11.676049439432933,193.29983520507812,-5.711881160736084,0.001697120605967939
18737951990,0,11.73207445400402,193.3021697998047,-5.52229118347168,0.0016978454077616334
18762951990,0,11.787342531896936,193.3045196533203,-5.331613063812256,0.0016984939575195312
18787951990,0,11.841849516719849,193.306884765625,-5.139853477478027,0.0016992187593132257
18812951991,0,11.895599357252198,193.30929565429688,-4.947016716003418,0.001699905376881361
18837951991,0,11.948585644722545,193.31173706054688,-4.753110408782959,0.0017005919944494963
18862951992,0,12.000808290580672,193.31417846679688,-4.558140754699707,0.00170135498046875
18887951992,0,12.052269637103189,193.31663513183594,-4.362113952636719,0.0017020415980368853
18912951992,0,12.10296800576723,193.31912231445312,-4.165035724639893,0.001702804584056139
18937951993,0,12.152901807110604,193.3216552734375,-3.9669134616851807,0.0017034912016242743
18962951993,0,12.202069441156228,193.3241729736328,-3.767751693725586,0.0017041778191924095
18987951993,0,12.250472739011256,193.3267364501953,-3.5675570964813232,0.0017048644367605448
19012951994,0,12.29811033822764,193.32931518554688,-3.36633563041687,0.0017055129865184426
19037951994,0,12.34498060255488,193.3319091796875,-3.1640939712524414,0.0017061614198610187
19062951995,0,12.391084209519894,193.3345489501953,-2.9608373641967773,0.0017068481538444757
19087951995,0,12.43642116597178,193.33718872070312,-2.7565722465515137,0.0017075729556381702
19112951995,0,12.480987701141297,193.33984375,-2.5513033866882324,0.0017083740094676614
19137951996,0,12.52478585591795,193.34251403808594,-2.3450381755828857,0.0017090224428102374
19162951996,0,12.567815909928436,193.34523010253906,-2.1377811431884766,0.001709632808342576
19187951996,0,12.610074662670813,193.3479461669922,-1.9295389652252197,0.0017103576101362705
19212951997,0,12.651562428673278,193.35069274902344,-1.720317006111145,0.0017111205961555243
19237951997,0,12.692280739415096,193.35345458984375,-1.5101211071014404,0.0017116545932367444
19262951998,0,12.732226739386112,193.3562469482422,-1.2989569902420044,0.0017123031429946423
19287951998,0,12.771402383842961,193.35903930664062,-1.0868301391601562,0.0017129515763372183
19312951998,0,12.809808660148787,193.36187744140625,-0.8737461566925049,0.001713714562356472
19337951999,0,12.847442063492968,193.3647003173828,-0.6597108244895935,0.0017142104916274548
19362951999,0,12.884303352041627,193.3675537109375,-0.44472965598106384,0.0017149352934211493
19387951999,0,12.920393106324694,193.37042236328125,-0.22880792617797852,0.0017155837267637253
19412952000,0,12.955709330160175,193.37332153320312,-0.011951331980526447,0.0017162704607471824
19437952000,0,12.990249932538848,193.37620544433594,0.20583473145961761,0.0017169188940897584
19462952001,0,13.024020170501888,193.37913513183594,0.4245448708534241,0.001717529259622097
19487952001,0,13.057015319464304,193.38204956054688,0.6441736221313477,0.0017181014409288764
19512952001,0,13.089238138293862,193.385009765625,0.8647158145904541,0.0017186736222356558
19537952002,0,13.1206874827172,193.3879852294922,1.0861659049987793,0.0017193984240293503
19562952002,0,13.151363140617253,193.39093017578125,1.3085190057754517,0.0017200469737872481
19587952002,0,13.181263931474042,193.39393615722656,1.5317692756652832,0.0017206191550940275
19612952003,0,13.210393057428346,193.39694213867188,1.7559118270874023,0.001721191336400807
19637952003,0,13.238745209487309,193.39996337890625,1.9809415340423584,0.001721878070384264
19662952004,0,13.266323911010373,193.40298461914062,2.206853151321411,0.0017224502516910434
19687952004,0,13.293126945035718,193.40603637695312,2.4336414337158203,0.0017230224329978228
19712952004,0,13.319154884906682,193.40907287597656,2.6613011360168457,0.0017236708663403988
19737952005,0,13.344409474306655,193.412109375,2.8898277282714844,0.0017242812318727374
19762952005,0,13.368891854118464,193.41519165039062,3.119216203689575,0.0017248535295948386
19787952005,0,13.392597080748931,193.41827392578125,3.3494606018066406,0.0017254637787118554
19812952006,0,13.415526787426066,193.42135620117188,3.580557107925415,0.0017261123284697533
19837952006,0,13.437682484194724,193.42446899414062,3.8125,0.0017265318892896175
19862952006,0,13.459061953153004,193.42759704589844,4.045284748077393,0.0017271041870117188
19887952007,0,13.47966891664387,193.43072509765625,4.278906345367432,0.0017277145525440574
19912952007,0,13.499505207682859,193.433837890625,4.513359546661377,0.0017283629858866334
19937952008,0,13.519097402736243,193.43701171875,4.748640060424805,0.0017289351671934128
19962952008,0,13.539640970829543,193.44017028808594,4.984743118286133,0.0017294310964643955
19987952008,0,13.561094528480613,193.443359375,5.221663475036621,0.0017299652099609375
20012952009,0,13.583445388126282,193.44651794433594,5.459397315979004,0.0017306136433035135
20037952009,0,13.606682513492206,193.44967651367188,5.697939395904541,0.0017311095725744963
20062952009,0,13.63079860609723,193.452880859375,5.937283992767334,0.0017316436860710382
20087952010,0,13.655787080181712,193.45608520507812,6.177427291870117,0.0017322921194136143
20112952010,0,13.681647374760974,193.45928955078125,6.418365478515625,0.001732788048684597
20137952011,0,13.708371174721492,193.46250915527344,6.660092830657959,0.001733322162181139
20162952011,0,13.73595609394295,193.46571350097656,6.902605056762695,0.0017338179750368
20187952011,0,13.764396306102451,193.4689483642578,7.14589786529541,0.0017343139043077826
20212952012,0,13.793687215916716,193.47213745117188,7.3899664878845215,0.0017347716493532062
20237952012,0,13.823828245618236,193.475341796875,7.634806156158447,0.0017353820148855448
20262952012,0,13.854811939872594,193.47853088378906,7.88041353225708,0.0017359161283820868
20287952013,0,13.886635538592426,193.48171997070312,8.126784324645996,0.0017365264939144254
20312952013,0,13.919293279902124,193.48487854003906,8.37391185760498,0.0017369078705087304
20337952014,0,13.952784810845666,193.4880828857422,8.621794700622559,0.0017374419840052724
20362952014,0,13.987100691464049,193.49122619628906,8.870426177978516,0.0017379379132762551
20387952014,0,14.022239827359828,193.49436950683594,9.119802474975586,0.0017385100945830345
20412952015,0,14.058199640896904,193.49749755859375,9.36992073059082,0.001739082275889814
20437952015,0,14.094972934846078,193.50062561035156,9.62077522277832,0.0017394637688994408
20462952015,0,14.13092614454854,193.5037078857422,9.872361183166504,0.0017399596981704235
20487952016,0,14.165786647731403,193.5067901611328,10.124676704406738,0.0017404556274414062
20512952016,0,14.199807864559448,193.5098419189453,10.377714157104492,0.0017410659929737449
20537952017,0,14.233224088620927,193.5128631591797,10.631474494934082,0.001741599990054965
20562952017,0,14.266228484145351,193.515869140625,10.88594913482666,0.0017420196672901511
20587952017,0,14.299003362043466,193.5188446044922,11.141135215759277,0.0017424774123355746
20612952018,0,14.33169916412823,193.5217742919922,11.397028923034668,0.0017429733416065574
20637952018,0,14.36442291842179,193.5247039794922,11.65362548828125,0.0017433929024264216
20662952018,0,14.397234647780554,193.52757263183594,11.910921096801758,0.0017439270159229636
20687952019,0,14.430192805063964,193.53042602539062,12.168912887573242,0.001744346576742828
20712952019,0,14.463362417373768,193.53323364257812,12.427596092224121,0.0017447280697524548
20737952020,0,14.496811765859922,193.53599548339844,12.686965942382812,0.0017453384352847934
20762952020,0,14.530600725039683,193.53871154785156,12.947019577026367,0.0017457579961046576
20787952020,0,14.564800683455433,193.54139709472656,13.207752227783203,0.0017462157411500812
20812952021,0,14.599445346831049,193.5440216064453,13.469160079956055,0.0017466736026108265
20837952021,0,14.634581997414555,193.54660034179688,13.731240272521973,0.0017472075996920466
20862952021,0,14.670237961216626,193.54913330078125,13.993988037109375,0.0017475890927016735
20887952022,0,14.706442826800252,193.5515899658203,14.257399559020996,0.0017480086535215378
20912952022,0,14.743256207455433,193.5540313720703,14.521471977233887,0.0017483901465311646
20937952022,0,14.780711458300747,193.556396484375,14.786199569702148,0.001748962327837944
20962952023,0,14.818827484921595,193.55873107910156,15.051580429077148,0.0017494582571089268
20987952023,0,14.857595069966715,193.56097412109375,15.317610740661621,0.0017498015658929944
21012952024,0,14.896986218167074,193.5631561279297,15.584285736083984,0.001750259310938418
21037952024,0,14.936979901547547,193.56529235839844,15.851601600646973,0.001750678988173604
21062952024,0,14.97755831432056,193.5673370361328,16.11955451965332,0.0017510222969576716
21087952025,0,15.018705244268315,193.56935119628906,16.388141632080078,0.0017515182262286544
21112952025,0,15.060406588234406,193.5712890625,16.657360076904297,0.0017518997192382812
21137952025,0,15.102639860661975,193.5731658935547,16.92720603942871,0.0017523574642837048
21162952026,0,15.145387771539648,193.57493591308594,17.197673797607422,0.0017529296455904841
21187952026,0,15.188630376038365,193.57666015625,17.468759536743164,0.0017531203338876367
21212952027,0,15.232361029435122,193.5782928466797,17.740463256835938,0.0017536162631586194
21237952027,0,15.276587081602912,193.57986450195312,18.01277732849121,0.0017541121924296021
21262952027,0,15.321349014570405,193.5813446044922,18.285701751708984,0.001754493685439229
21287952028,0,15.366683593774587,193.58274841308594,18.55923080444336,0.0017548751784488559
21312952028,0,15.412634215889154,193.58407592773438,18.83336067199707,0.0017552566714584827
21337952028,0,15.459245601084094,193.5853271484375,19.108089447021484,0.0017557144165039062
21362952029,0,15.506556068764327,193.5865020751953,19.383413314819336,0.0017560957930982113
21387952029,0,15.554607995980433,193.5876007080078,19.65932846069336,0.0017564772861078382
21412952030,0,15.60343036736298,193.58860778808594,19.935832977294922,0.0017568205948919058
21437952030,0,15.653039479313042,193.58956909179688,20.212921142578125,0.0017572784563526511
21462952030,0,15.70344230141862,193.59042358398438,20.490591049194336,0.0017576980171725154
21487952031,0,15.754638572042778,193.59120178222656,20.768836975097656,0.001758041325956583
21512952031,0,15.806630600890228,193.59188842773438,21.047658920288086,0.0017584228189662099
21537952031,0,15.859406311956043,193.59249877929688,21.327051162719727,0.0017588423797860742
21562952032,0,15.912952865617594,193.59300231933594,21.607011795043945,0.001759223872795701
21587952032,0,15.967247838763734,193.5934600830078,21.887537002563477,0.0017595671815797687
21612952033,0,16.02226476364288,193.59381103515625,22.168622970581055,0.0017600631108507514
21637952033,0,16.07797331906123,193.59405517578125,22.45026397705078,0.0017603301675990224
21662952033,0,16.13434880352409,193.59423828125,22.73246192932129,0.0017607497284188867
21687952034,0,16.191366928866458,193.5943145751953,23.015214920043945,0.0017611312214285135
21712952034,0,16.2490060270261,193.5943145751953,23.29851531982422,0.001761588966473937
21737952034,0,16.307246129143213,193.59425354003906,23.58235740661621,0.001761703402735293
21762952035,0,16.36606985020128,193.5940704345703,23.866744995117188,0.001762123079970479
21787952035,0,16.425462354458517,193.5938262939453,24.151668548583984,0.0017625045729801059
21812952036,0,16.485435956951825,193.59347534179688,24.437129974365234,0.0017628478817641735
21837952036,0,16.54597206650408,193.59304809570312,24.72312355041504,0.0017632293747738004
21862952036,0,16.607062642617084,193.592529296875,25.009647369384766,0.001763572683557868
21887952037,0,16.66869968166808,193.59193420410156,25.296695709228516,0.0017638778081163764
21912952037,0,16.730879599447075,193.5912322998047,25.58426856994629,0.0017642974853515625
21937952037,0,16.793609410055534,193.59043884277344,25.87236213684082,0.0017647170461714268
21962952038,0,16.85689239537862,193.58958435058594,26.160972595214844,0.0017649459186941385
21987952038,0,16.920722746736516,193.58865356445312,26.45009994506836,0.0017652511596679688
22012952039,0,16.98507156652375,193.58761596679688,26.73973846435547,0.0017656325362622738
22037952039,0,17.049900893163333,193.58648681640625,27.029884338378906,0.0017659759614616632
22062952039,0,17.115168179471205,193.58526611328125,27.32053565979004,0.0017664337065070868
22087952040,0,17.180843413110473,193.583984375,27.611690521240234,0.0017666625790297985
22112952040,0,17.246918923928078,193.58261108398438,27.903343200683594,0.001766967703588307
22137952040,0,17.313436200348725,193.58114624023438,28.19549560546875,0.0017674636328592896
22162952041,0,17.38040990295706,193.57962036132812,28.488142013549805,0.0017676925053820014
22187952041,0,17.447819506966038,193.57801818847656,28.78127670288086,0.0017679595621302724
22212952041,0,17.515640562250635,193.5763397216797,29.074899673461914,0.00176830287091434
22237952042,0,17.583835872619698,193.5745849609375,29.36901092529297,0.0017686081118881702
22262952042,0,17.652365187239646,193.57272338867188,29.663602828979492,0.0017689894884824753
22287952043,0,17.721200235628025,193.57081604003906,29.95867347717285,0.0017693709814921021
22312952043,0,17.790314791674678,193.5688018798828,30.254220962524414,0.0017697142902761698
22337952043,0,17.85966733113846,193.5667266845703,30.550233840942383,0.0017700575990602374
22362952044,0,17.92921292048995,193.56455993652344,30.84670639038086,0.0017705154605209827
22387952044,0,17.998925778244104,193.5623321533203,31.14362907409668,0.0017709732055664062
22412952044,0,18.068791699233778,193.5600128173828,31.440996170043945,0.0017716216389089823
22437952045,0,18.13879436601522,193.5576171875,31.738798141479492,0.001772232004441321
22462952045,0,18.208924248189707,193.5551300048828,32.03702163696289,0.0017727279337123036
22487952046,0,18.27916718988616,193.5525665283203,32.33565902709961,0.001773567171767354
22512952046,0,18.349511870114473,193.5499725341797,32.634700775146484,0.0017743682255968451
22537952046,0,18.419942898512492,193.54730224609375,32.93413162231445,0.0017752837156876922
22562952047,0,18.49043824794394,193.54454040527344,33.23394775390625,0.0017761229537427425
22587952047,0,18.56097985831191,193.54171752929688,33.53413772583008,0.0017770385602489114
22612952047,0,18.63154762437283,193.538818359375,33.834686279296875,0.001778030302375555
22637952048,0,18.702135798649238,193.53587341308594,34.13558578491211,0.0017790603451430798
22662952048,0,18.772736662710642,193.53285217285156,34.43681716918945,0.0017800520872697234
22687952049,0,18.84336724498329,193.52975463867188,34.73838424682617,0.0017811583820730448
22712952049,0,18.91403116228923,193.526611328125,35.04026412963867,0.0017823028611019254
22737952049,0,18.98474927827307,193.5233917236328,35.34245681762695,0.0017833709716796875
22762952050,0,19.055519506096147,193.52012634277344,35.64493942260742,0.0017846297705546021
22787952050,0,19.126376112233846,193.5167694091797,35.94770812988281,0.0017857360653579235
22812952050,0,19.19733615792557,193.5133819580078,36.250755310058594,0.0017869186121970415
22837952051,0,19.268401603474015,193.5099334716797,36.5540657043457,0.0017880629748106003
22862952051,0,19.33959338235679,193.5064239501953,36.85763931274414,0.0017892455216497183
22887952052,0,19.410917354026914,193.5028533935547,37.161460876464844,0.0017903900006785989
22912952052,0,19.482381016778024,193.4992218017578,37.46551513671875,0.0017915725475177169
22937952052,0,19.554016767407013,193.49554443359375,37.76980209350586,0.0017926024738699198
22962952053,0,19.62583590747737,193.49180603027344,38.07431411743164,0.0017937469528988004
22987952053,0,19.69782122213816,193.48802185058594,38.37903594970703,0.0017948531312868
23012952053,0,19.769961219816842,193.48419189453125,38.6839599609375,0.0017959594260901213
23037952054,0,19.84224822704835,193.4803009033203,38.98908233642578,0.0017970275366678834
23062952054,0,19.914670756815056,193.4763641357422,39.294395446777344,0.0017980193952098489
23087952055,0,19.987203875850476,193.47238159179688,39.59988784790039,0.001799087505787611
23112952055,0,20.059834383941162,193.46835327148438,39.905555725097656,0.0018001556163653731
23137952055,0,20.132537356294147,193.4642791748047,40.21139144897461,0.001801185542717576
23162952056,0,20.2053013673872,193.46017456054688,40.517391204833984,0.0018020629649981856
23187952056,0,20.27810944421597,193.45599365234375,40.82354736328125,0.0018030928913503885
23212952056,0,20.350953779602445,193.45179748535156,41.12984848022461,0.0018038939451798797
23237952057,0,20.423828805454782,193.44754028320312,41.43628692626953,0.0018047713674604893
23262952057,0,20.496753527584552,193.4432373046875,41.74286651611328,0.0018056868575513363
23287952058,0,20.569718397857798,193.43890380859375,42.04957962036133,0.0018065260956063867
23312952058,0,20.642715775349842,193.43453979492188,42.356414794921875,0.0018072890816256404
23337952058,0,20.71575696282393,193.4301300048828,42.66337966918945,0.0018081283196806908
23362952059,0,20.788811556163264,193.42567443847656,42.97045135498047,0.0018088531214743853
23387952059,0,20.861898347796107,193.4211883544922,43.27764129638672,0.0018096159910783172
23412952059,0,20.935000215016647,193.41665649414062,43.584930419921875,0.001810378977097571
23437952060,0,21.008134093391234,193.412109375,43.8923225402832,0.0018110655946657062
23462952060,0,21.081321005127293,193.4075164794922,44.1998176574707,0.0018117523286491632
23487952060,0,21.15456452490605,193.40289306640625,44.50740051269531,0.0018124007619917393
23512952061,0,21.22789543111638,193.3982391357422,44.81507873535156,0.0018131255637854338
23537952061,0,21.301326911039375,193.39352416992188,45.122840881347656,0.0018136596772819757
23562952062,0,21.374873978929198,193.38882446289062,45.43068313598633,0.001814193674363196
23587952062,0,21.448544540934513,193.38409423828125,45.73860168457031,0.0018147277878597379
23612952062,0,21.522355825455815,193.3793182373047,46.046600341796875,0.001815261784940958
23637952063,0,21.596313620112802,193.37451171875,46.354671478271484,0.0018159103346988559
23662952063,0,21.670436914834998,193.36965942382812,46.662811279296875,0.0018164062639698386
23687952063,0,21.744739283454297,193.3648223876953,46.97101974487305,0.0018169020768254995
23712952064,0,21.819230799586737,193.35992431640625,47.2792854309082,0.0018173217540606856
23737952064,0,21.893918320033375,193.35501098632812,47.58761215209961,0.0018178176833316684
23762952065,0,21.968798413154914,193.35006713867188,47.89599609375,0.0018182372441515326
23787952065,0,22.04385383297551,193.34510803222656,48.204437255859375,0.0018185805529356003
23812952065,0,22.119078934105936,193.34014892578125,48.51293182373047,0.001818923861719668
23837952066,0,22.194460915749424,193.3351287841797,48.82148361206055,0.0018193053547292948
23862952066,0,22.269974672066205,193.33010864257812,49.13008117675781,0.0018196868477389216
23887952066,0,22.34560669450536,193.32505798339844,49.438724517822266,0.0018200301565229893
23912952067,0,22.421347606321508,193.3199920654297,49.74741744995117,0.0018204116495326161
23937952067,0,22.497159263256584,193.31491088867188,50.05614471435547,0.0018207549583166838
23962952068,0,22.5730300622124,193.309814453125,50.36491775512695,0.0018210220150649548
23987952068,0,22.648943161907322,193.3046875,50.67372512817383,0.0018213653238490224
24012952068,0,22.724886715982244,193.29954528808594,50.98257064819336,0.0018216323805972934
24037952069,0,22.80086851619745,193.2943878173828,51.29145812988281,0.0018219375051558018
24062952069,0,22.876875460528087,193.28921508789062,51.600379943847656,0.0018223189981654286
24087952069,0,22.952909212765455,193.28404235839844,51.90933609008789,0.0018225860549136996
24112952070,0,23.02896994159813,193.27882385253906,52.218318939208984,0.0018227004911750555
24137952070,0,23.10506859068797,193.27359008789062,52.5273323059082,0.001823005615733564
24162952071,0,23.181207147677693,193.2683563232422,52.83637619018555,0.001823158236220479
24187952071,0,23.25739175578117,193.2631072998047,53.14544677734375,0.0018233871087431908
24212952071,0,23.333633692375237,193.25784301757812,53.45454406738281,0.0018235777970403433
24237952072,0,23.409955846636105,193.25257873535156,53.763671875,0.0018237686017528176
24262952072,0,23.486358133320167,193.2472686767578,54.07281494140625,0.0018239592900499701
24287952072,0,23.562865260038546,193.24197387695312,54.38198471069336,0.0018241119105368853
24312952073,0,23.639482860018195,193.23667907714844,54.69118118286133,0.0018242645310238004
24337952073,0,23.71621318765882,193.2313232421875,55.00039291381836,0.0018244934035465121
24362952074,0,23.793059354697018,193.2259979248047,55.309627532958984,0.0018246840918436646
24387952074,0,23.870036789462663,193.2206573486328,55.61888122558594,0.0018248747801408172
24412952074,0,23.947139942974033,193.2152862548828,55.92815399169922,0.0018250274006277323
24437952075,0,24.024368634381176,193.2099151611328,56.23744583129883,0.0018249893328174949
24462952075,0,24.101711683850386,193.20452880859375,56.5467529296875,0.001825256273150444
24487952075,0,24.179157467605997,193.19915771484375,56.85607147216797,0.0018253707094118
24512952076,0,24.2567103369332,193.1937713623047,57.16541290283203,0.0018254088936373591
24537952076,0,24.3343356914388,193.1883544921875,57.47476577758789,0.0018256759503856301
24562952077,0,24.41201100584947,193.18292236328125,57.78413391113281,0.001825790386646986
24587952077,0,24.489720479828538,193.17752075195312,58.09351348876953,0.001825790386646986
24612952077,0,24.567441770686592,193.17208862304688,58.40290832519531,0.001825790386646986
24637952078,0,24.64515571745212,193.16665649414062,58.712318420410156,0.0018259430071339011
24662952078,0,24.722850788311337,193.16123962402344,59.02173614501953,0.0018260955112054944
24687952078,0,24.80052000219475,193.15577697753906,59.3311653137207,0.0018262863159179688
24712952079,0,24.87814001915768,193.1503143310547,59.64060592651367,0.0018263625679537654
24737952079,0,24.95569502639805,193.1448516845703,59.95005798339844,0.0018263625679537654
24762952079,0,25.03317404594421,193.13938903808594,60.259521484375,0.0018264007521793246
24787952080,0,25.110580991704644,193.13392639160156,60.568992614746094,0.0018264770042151213
24812952080,0,25.187920064191367,193.12847900390625,60.878475189208984,0.0018266296247020364
24837952081,0,25.265210542361586,193.1230010986328,61.18796157836914,0.0018266296247020364
24862952081,0,25.342452060077008,193.11753845214844,61.497459411621094,0.0018267440609633923
24887952081,0,25.419640524364144,193.11203002929688,61.80696487426758,0.0018267821287736297
24912952082,0,25.496779168430713,193.10653686523438,62.116477966308594,0.0018268584972247481
24937952082,0,25.57386828130481,193.1010284423828,62.42599868774414,0.0018269347492605448
24962952082,0,25.650930452655135,193.09552001953125,62.73552703857422,0.0018269347492605448
24987952083,0,25.72796607538496,193.0900115966797,63.0450553894043,0.0018270491855219007
25012952083,0,25.8049978372959,193.08450317382812,63.35459899902344,0.0018271255539730191
25037952084,0,25.88202151603674,193.0790252685547,63.66414260864258,0.0018272018060088158
25062952084,0,25.959053277365733,193.07351684570312,63.97369384765625,0.0018270873697474599
25087952084,0,26.03609993677217,193.06800842285156,64.28325653076172,0.001827239990234375
25112952085,0,26.11316932195749,193.0625,64.59281921386719,0.0018272780580446124
25137952085,0,26.19027287284843,193.05699157714844,64.90238952636719,0.0018273162422701716
25162952085,0,26.267410689711607,193.05148315429688,65.21195983886719,0.0018273162422701716
25187952086,0,26.34460544821927,193.0459747314453,65.52153778076172,0.0018273544264957309
25212952086,0,26.42183796456385,193.0404815673828,65.83111572265625,0.0018273924943059683
25237952087,0,26.499127199210285,193.0349578857422,66.14070892333984,0.0018273544264957309
25262952087,0,26.576443265955476,193.02940368652344,66.4502944946289,0.0018274306785315275
25287952087,0,26.653804491772796,193.02386474609375,66.7598876953125,0.0018275832990184426
25312952088,0,26.73119985369537,193.018310546875,67.06948852539062,0.0018275069305673242
25337952088,0,26.80861769010597,193.0127716064453,67.37908935546875,0.0018276595510542393
25362952088,0,26.886058212889175,193.00721740722656,67.6886978149414,0.0018275832990184426
25387952089,0,26.963517604887627,193.00167846679688,67.99830627441406,0.00182762136682868
25412952089,0,27.040984637520253,192.99612426757812,68.30791473388672,0.0018276595510542393
25437952090,0,27.118486230180288,192.99058532714844,68.61753845214844,0.0018276595510542393
25462952090,0,27.1959726855474,192.9850311279297,68.92715454101562,0.0018276977352797985
25487952090,0,27.27343245125463,192.9794921875,69.23677825927734,0.0018276977352797985
25512952091,0,27.350847002524894,192.9739532470703,69.54640197753906,0.001827735803090036
25537952091,0,27.428170569544697,192.96841430664062,69.85602569580078,0.001827735803090036
25562952091,0,27.5053993442852,192.96286010742188,70.16565704345703,0.001827735803090036
25587952092,0,27.582518964383443,192.9573211669922,70.47528839111328,0.0018278503557667136
25612952092,0,27.659533266931735,192.95176696777344,70.78491973876953,0.0018278503557667136
25637952093,0,27.736453270830857,192.94622802734375,71.09455871582031,0.0018278503557667136
25662952093,0,27.813252293411296,192.940673828125,71.4041976928711,0.0018278503557667136
25687952093,0,27.8899447006448,192.9351348876953,71.71383666992188,0.0018278503557667136
25712952094,0,27.966542628632233,192.92958068847656,72.02347564697266,0.0018278503557667136
