ts,agent_id,throttle,steer,brake
1579004436,0,0.8999999761581421,0.0034409561194479465,0.0
1604004437,0,0.8999999761581421,0.0025833824183791876,0.0
1629004437,0,0.8999999761581421,0.00251445802859962,0.0
1654004437,0,0.8999999761581421,0.0027293723542243242,0.0
1679004438,0,0.8999999761581421,0.003576463321223855,0.0
1704004438,0,0.8999999761581421,0.003969651181250811,0.0
1729004438,0,0.8999999761581421,0.002878773957490921,0.0
1754004439,0,0.8999999761581421,0.003918715286999941,0.0
1779004439,0,0.8999999761581421,0.0033377446234226227,0.0
1804004440,0,0.8999999761581421,0.0031161969527602196,0.0
1829004440,0,0.8999999761581421,0.0026366631500422955,0.0
1854004440,0,0.8999999761581421,0.002909030532464385,0.0
1879004441,0,0.8999999761581421,0.002613822231069207,0.0
1904004441,0,0.8999999761581421,0.0025398321449756622,0.0
1929004441,0,0.8999999761581421,0.002486463636159897,0.0
1954004442,0,0.8999999761581421,0.0024662388022989035,0.0
1979004442,0,0.8999999761581421,0.002406151033937931,0.0
2004004443,0,0.8999999761581421,0.0023909946903586388,0.0
2029004443,0,0.8999999761581421,0.0025531286373734474,0.0
2054004443,0,0.8999999761581421,0.002327987924218178,0.0
2079004444,0,0.8999999761581421,0.002220450434833765,0.0
2104004444,0,0.8999999761581421,0.0023392480798065662,0.0
2129004444,0,0.8999999761581421,0.0022744406014680862,0.0
2154004445,0,0.8999999761581421,0.002406437648460269,0.0
2179004445,0,0.8999999761581421,0.0024344935081899166,0.0
2204004446,0,0.8999999761581421,0.002377244643867016,0.0
2229004446,0,0.8999999761581421,0.00242250831797719,0.0
2254004446,0,0.8999999761581421,0.0022292404901236296,0.0
2279004447,0,0.8999999761581421,0.0025384200271219015,0.0
2304004447,0,0.8999999761581421,0.002426515333354473,0.0
2329004447,0,0.8999999761581421,0.002582714194431901,0.0
2354004448,0,0.8999999761581421,0.002616599900647998,0.0
2379004448,0,0.8999999761581421,0.0027020135894417763,0.0
2404004449,0,0.8999999761581421,0.002628481946885586,0.0
2429004449,0,0.8999999761581421,0.002631177892908454,0.0
2454004449,0,0.8999999761581421,0.0028066406957805157,0.0
2479004450,0,0.8999999761581421,0.002708954270929098,0.0
2504004450,0,0.8999999761581421,0.0027529229409992695,0.0
2529004450,0,0.8999999761581421,0.002843302907422185,0.0
2554004451,0,0.8999999761581421,0.0027615150902420282,0.0
2579004451,0,0.8999999761581421,0.002777201822027564,0.0
2604004452,0,0.8999999761581421,0.002578308107331395,0.0
2629004452,0,0.8999999761581421,0.002756386762484908,0.0
2654004452,0,0.8999999761581421,0.00263778492808342,0.0
2679004453,0,0.8999999761581421,0.0026428194250911474,0.0
2704004453,0,0.8999999761581421,0.0026708159130066633,0.0
2729004453,0,0.8999999761581421,0.002644316293299198,0.0
2754004454,0,0.8999999761581421,0.0025786084588617086,0.0
2779004454,0,0.8999999761581421,0.0025568329729139805,0.0
2804004454,0,0.8999999761581421,0.002557900035753846,0.0
2829004455,0,0.8999999761581421,0.0024065787438303232,0.0
2854004455,0,0.8999999761581421,0.002520649926736951,0.0
2879004456,0,0.8999999761581421,0.002440493553876877,0.0
2904004456,0,0.8999999761581421,0.0025128978304564953,0.0
2929004456,0,0.8999999761581421,0.002574264071881771,0.0
2954004457,0,0.8999999761581421,0.0024382551200687885,0.0
2979004457,0,0.8999999761581421,0.0025856320280581713,0.0
3004004457,0,0.8999999761581421,0.002419517608359456,0.0
3029004458,0,0.8999999761581421,0.0024754854384809732,0.0
3054004458,0,0.8999999761581421,0.0023923178669065237,0.0
3079004459,0,0.8999999761581421,0.0024372264742851257,0.0
3104004459,0,0.8999999761581421,0.0024794184137135744,0.0
3129004459,0,0.8999999761581421,0.002525543561205268,0.0
3154004460,0,0.8999999761581421,0.0025402384344488382,0.0
3179004460,0,0.8999999761581421,0.002474045380949974,0.0
3204004460,0,0.8999999761581421,0.0024064064491540194,0.0
3229004461,0,0.8999999761581421,0.0023982643615454435,0.0
3254004461,0,0.8999999761581421,0.0023528835736215115,0.0
3279004462,0,0.8999999761581421,0.0023641816806048155,0.0
3304004462,0,0.8999999761581421,0.002392942551523447,0.0
3329004462,0,0.8999999761581421,0.0025434058625251055,0.0
3354004463,0,0.8999999761581421,0.002439865842461586,0.0
3379004463,0,0.8999999761581421,0.0024676150642335415,0.0
3404004463,0,0.8999999761581421,0.002363012172281742,0.0
3429004464,0,0.8999999761581421,0.0023995835799723864,0.0
3454004464,0,0.8999999761581421,0.0023432914167642593,0.0
3479004465,0,0.8999999761581421,0.0023038028739392757,0.0
3504004465,0,0.8999999761581421,0.0024270096328109503,0.0
3529004465,0,0.8999999761581421,0.0024935882538557053,0.0
3554004466,0,0.8999999761581421,0.00250240764580667,0.0
3579004466,0,0.8999999761581421,0.0024841667618602514,0.0
3604004466,0,0.8999999761581421,0.0023639369755983353,0.0
3629004467,0,0.8999999761581421,0.002375444397330284,0.0
3654004467,0,0.8999999761581421,0.0023157813120633364,0.0
3679004468,0,0.8999999761581421,0.002355865901336074,0.0
3704004468,0,0.8999999761581421,0.0023746376391500235,0.0
3729004468,0,0.8999999761581421,0.0025121564976871014,0.0
3754004469,0,0.8999999761581421,0.002451418898999691,0.0
3779004469,0,0.8999999761581421,0.002525553572922945,0.0
3804004469,0,0.8999999761581421,0.0023962666746228933,0.0
3829004470,0,0.8999999761581421,0.0023567895404994488,0.0
3854004470,0,0.8999999761581421,0.0024113969411700964,0.0
3879004471,0,0.8999999761581421,0.0023696045391261578,0.0
3904004471,0,0.8999999761581421,0.002444435143843293,0.0
3929004471,0,0.8999999761581421,0.0025363266468048096,0.0
3954004472,0,0.8999999761581421,0.0024360467214137316,0.0
3979004472,0,0.8999999761581421,0.0024705620016902685,0.0
4004004472,0,0.8999999761581421,0.002480065915733576,0.0
4029004473,0,0.8999999761581421,0.0025967126712203026,0.0
4054004473,0,0.8999999761581421,0.002640753285959363,0.0
4079004473,0,0.8999999761581421,0.002366972155869007,0.0
4104004474,0,0.8999999761581421,0.0019308574264869094,0.0
4129004474,0,0.8999999761581421,0.0016990010626614094,0.0
4154004475,0,0.8999999761581421,0.0020483466796576977,0.0
4179004475,0,0.8999999761581421,0.002107373671606183,0.0
4204004475,0,0.8999999761581421,0.0022068482358008623,0.0
4229004476,0,0.8999999761581421,0.0029017289634793997,0.0
4254004476,0,0.8999999761581421,0.0033296917099505663,0.0
4279004476,0,0.8999999761581421,0.0029624977614730597,0.0
4304004477,0,0.8999999761581421,0.003281540237367153,0.0
4329004477,0,0.8999999761581421,0.0035973312333226204,0.0
4354004478,0,0.8999999761581421,0.0036100337747484446,0.0
4379004478,0,0.8999999761581421,0.003444586880505085,0.0
4404004478,0,0.8999999761581421,0.0037019141018390656,0.0
4429004479,0,0.8999999761581421,0.0036652644630521536,0.0
4454004479,0,0.8999999761581421,0.0034157903864979744,0.0
4479004479,0,0.8999999761581421,0.003203017171472311,0.0
4504004480,0,0.8999999761581421,0.002795611973851919,0.0
4529004480,0,0.8999999761581421,0.0024823681451380253,0.0
4554004481,0,0.8999999761581421,0.0018508603097870946,0.0
4579004481,0,0.8999999761581421,0.001103103975765407,0.0
4604004481,0,0.8999999761581421,0.0005133285303600132,0.0
4629004482,0,0.8999999761581421,0.0007923830416984856,0.0
4654004482,0,0.8999999761581421,0.0008707054075784981,0.0
4679004482,0,0.8999999761581421,0.0006884147878736258,0.0
4704004483,0,0.8999999761581421,0.0005544206942431629,0.0
4729004483,0,0.8999999761581421,0.00012665589747484773,0.0
4754004484,0,0.8999999761581421,-6.356346602842677e-06,0.0
4779004484,0,0.8999999761581421,-9.13466647034511e-05,0.0
4804004484,0,0.8999999761581421,-5.697943197446875e-05,0.0
4829004485,0,0.8999999761581421,-0.0007570667075924575,0.0
4854004485,0,0.8999999761581421,-0.00047582798288203776,0.0
4879004485,0,0.8999999761581421,7.915477908682078e-05,0.0
4904004486,0,0.8999999761581421,0.00038492243038490415,0.0
4929004486,0,0.8999999761581421,0.0005488853785209358,0.0
4954004487,0,0.8999999761581421,0.0013328716158866882,0.0
4979004487,0,0.8999999761581421,0.0014226785860955715,0.0
5004004487,0,0.8999999761581421,0.0015617768513038754,0.0
5029004488,0,0.8999999761581421,0.001047267229296267,0.0
5054004488,0,0.8999999761581421,0.0006270910380408168,0.0
5079004488,0,0.8999999761581421,0.001346624456346035,0.0
5104004489,0,0.8999999761581421,0.0013484287774190307,0.0
5129004489,0,0.8999999761581421,0.0019422753248363733,0.0
5154004490,0,0.8999999761581421,0.002548845950514078,0.0
5179004490,0,0.8999999761581421,0.0022023958154022694,0.0
5204004490,0,0.8999999761581421,0.0023612845689058304,0.0
5229004491,0,0.8999999761581421,0.0017615456599742174,0.0
5254004491,0,0.8999999761581421,0.002081190003082156,0.0
5279004491,0,0.8999999761581421,0.002006722381338477,0.0
5304004492,0,0.8999999761581421,0.0026187743060290813,0.0
5329004492,0,0.8999999761581421,0.0027425200678408146,0.0
5354004492,0,0.8999999761581421,0.0038872158620506525,0.0
5379004493,0,0.8999999761581421,0.0038744788616895676,0.0
5404004493,0,0.8999999761581421,0.0033098456915467978,0.0
5429004494,0,0.8999999761581421,0.0029882134404033422,0.0
5454004494,0,0.8999999761581421,0.0023128073662519455,0.0
5479004494,0,0.8999999761581421,0.0007910198764875531,0.0
5504004495,0,0.8999999761581421,0.0008527846657671034,0.0
5529004495,0,0.8999999761581421,0.0002268561947857961,0.0
5554004495,0,0.8999999761581421,6.894933176226914e-05,0.0
5579004496,0,0.8999999761581421,-0.0003521204343996942,0.0
5604004496,0,0.8999999761581421,-0.0015426977770403028,0.0
5629004497,0,0.8999999761581421,-0.0025950735434889793,0.0
5654004497,0,0.8999999761581421,-0.004293323028832674,0.0
5679004497,0,0.8999999761581421,-0.0034143333323299885,0.0
5704004498,0,0.8999999761581421,-0.0035938178189098835,0.0
5729004498,0,0.8999999761581421,-0.0021287708077579737,0.0
5754004498,0,0.8999999761581421,-0.0012271673185750842,0.0
5779004499,0,0.8999999761581421,-0.002196284243836999,0.0
5804004499,0,0.8999999761581421,-0.0032258955761790276,0.0
5829004500,0,0.8999999761581421,-0.0031244130805134773,0.0
5854004500,0,0.8999999761581421,-0.00206013023853302,0.0
5879004500,0,0.8999999761581421,-0.0012748889857903123,0.0
5904004501,0,0.8999999761581421,-0.0008680131868459284,0.0
5929004501,0,0.8999999761581421,-5.53501486137975e-05,0.0
5954004501,0,0.8999999761581421,-2.339341790502658e-06,0.0
5979004502,0,0.8999999761581421,-0.0007039933116175234,0.0
6004004502,0,0.8865044713020325,-0.00011433736653998494,0.0
6029004503,0,0.7173685431480408,0.0017591009382158518,0.0
6054004503,0,0.592626690864563,0.0038391512352973223,0.0
6079004503,0,0.5652288198471069,0.0028152575250715017,0.0
6104004504,0,0.484239786863327,0.0033421253319829702,0.0
6129004504,0,0.4045311510562897,0.002612575888633728,0.0
6154004504,0,0.3512926697731018,0.0031274312641471624,0.0
6179004505,0,0.3415566384792328,0.002562612993642688,0.0
6204004505,0,0.0,0.0015294700860977173,1.0
6229004506,0,0.0,0.0021202145144343376,1.0
6254004506,0,0.0,0.0015465000178664923,1.0
6279004506,0,0.0,0.0015075195115059614,1.0
6304004507,0,0.0,0.0010461544152349234,1.0
6329004507,0,0.0,0.001570046995766461,1.0
6354004507,0,0.0,0.0010811819229274988,1.0
6379004508,0,0.0,0.0020008597057312727,1.0
6404004508,0,0.0,0.002718762494623661,1.0
6429004509,0,0.0,0.002182558411732316,1.0
6454004509,0,0.0,0.002447777660563588,1.0
6479004509,0,0.0,0.00225060130469501,1.0
6504004510,0,0.0,0.0017047241562977433,1.0
6529004510,0,0.0,-0.0006870003417134285,1.0
6554004510,0,0.0,-0.0006177522009238601,1.0
6579004511,0,0.0,-0.0011990582570433617,1.0
6604004511,0,0.0,0.0004415674484334886,1.0
6629004511,0,0.0,-0.0003672080347314477,1.0
6654004512,0,0.0,-0.0014968259492889047,1.0
6679004512,0,0.0,-0.004854968283325434,1.0
6704004513,0,0.0,-0.00550248846411705,1.0
6729004513,0,0.0,-0.003038146300241351,1.0
6754004513,0,0.0,-0.0034798847045749426,1.0
6779004514,0,0.0,-0.002903770888224244,1.0
6804004514,0,0.0,-0.006033843383193016,1.0
6829004514,0,0.0,-0.01292856503278017,1.0
6854004515,0,0.0,-0.016361529007554054,1.0
6879004515,0,0.0,-0.018697476014494896,1.0
6904004516,0,0.0,-0.008952029049396515,1.0
6929004516,0,0.0,0.006228557787835598,1.0
6954004516,0,0.0,0.009803351946175098,1.0
6979004517,0,0.0,0.011019384488463402,1.0
7004004517,0,0.0,0.012858586385846138,1.0
7029004517,0,0.0,0.020792534574866295,1.0
7054004518,0,0.0,0.020370716229081154,1.0
7079004518,0,0.0,0.02003283053636551,1.0
7104004519,0,0.0,0.019556399434804916,1.0
7129004519,0,0.0,0.019043508917093277,1.0
7154004519,0,0.0,0.013585223816335201,1.0
7179004520,0,0.0,0.010267647914588451,1.0
7204004520,0,0.0,0.0075790369883179665,1.0
7229004520,0,0.0,0.010299724526703358,1.0
7254004521,0,0.0,0.010321197099983692,1.0
7279004521,0,0.0,0.004313539247959852,1.0
7304004522,0,0.0,0.0029860136564821005,1.0
7329004522,0,0.0,0.003092760918661952,1.0
7354004522,0,0.0,0.0029601186979562044,1.0
7379004523,0,0.0,0.0028751895297318697,1.0
7404004523,0,0.0,0.002746616955846548,1.0
7429004523,0,0.0,0.002737061819061637,1.0
7454004524,0,0.0,0.0026955881621688604,1.0
7479004524,0,0.0,0.002734274137765169,1.0
7504004525,0,0.0,0.0027431959751993418,1.0
7529004525,0,0.0,0.0027909930795431137,1.0
7554004525,0,0.0,0.00279012368991971,1.0
7579004526,0,0.0,0.0028323386795818806,1.0
7604004526,0,0.0,0.002838329179212451,1.0
7629004526,0,0.0,0.002849500859156251,1.0
7654004527,0,0.0,0.0028585337568074465,1.0
7679004527,0,0.0,0.0029474045149981976,1.0
7704004528,0,0.0,0.0029922048561275005,1.0
7729004528,0,0.0,0.0029624251183122396,1.0
7754004528,0,0.0,0.002987847663462162,1.0
7779004529,0,0.0,0.002994544105604291,1.0
7804004529,0,0.0,0.0032103469129651785,1.0
7829004529,0,0.0,0.0033543771132826805,1.0
7854004530,0,0.0,0.003592219902202487,1.0
7879004530,0,0.0,0.004015009850263596,1.0
7904004530,0,0.0,0.004260334651917219,1.0
7929004531,0,0.0,0.004245157353579998,1.0
7954004531,0,0.0,0.005424856208264828,1.0
7979004532,0,0.0,0.00917809084057808,1.0
8004004532,0,0.0,0.014472171664237976,1.0
8029004532,0,0.0,0.013562535867094994,1.0
8054004533,0,0.0,0.011475018225610256,1.0
8079004533,0,0.0,0.015942292287945747,1.0
8104004533,0,0.0,0.017865153029561043,1.0
8129004534,0,0.0,0.019140319898724556,1.0
8154004534,0,0.0,0.019807875156402588,1.0
8179004535,0,0.0,0.020557943731546402,1.0
8204004535,0,0.0,0.01978375017642975,1.0
8229004535,0,0.0,0.018014410510659218,1.0
8254004536,0,0.0,0.01861295849084854,1.0
8279004536,0,0.0,0.017837563529610634,1.0
8304004536,0,0.0,0.012195298448204994,1.0
8329004537,0,0.0,0.009449003264307976,1.0
8354004537,0,0.0,0.005049171857535839,1.0
8379004538,0,0.0,-0.009512260556221008,1.0
8404004538,0,0.0,-0.011715637519955635,1.0
8429004538,0,0.0,-0.01648360677063465,1.0
8454004539,0,0.0,-0.026345448568463326,1.0
8479004539,0,0.0,-0.02798478864133358,1.0
8504004539,0,0.3612392246723175,-0.030123012140393257,0.0
8529004540,0,0.6341968178749084,-0.027682965621352196,0.0
8554004540,0,0.758882999420166,-0.025872359052300453,0.0
8579004541,0,0.8999999761581421,-0.01707010343670845,0.0
8604004541,0,0.8999999761581421,-0.01666341908276081,0.0
8629004541,0,0.8999999761581421,-0.020107338204979897,0.0
8654004542,0,0.8999999761581421,-0.017819656059145927,0.0
8679004542,0,0.8999999761581421,-0.019291643053293228,0.0
8704004542,0,0.8999999761581421,-0.017063217237591743,0.0
8729004543,0,0.8999999761581421,-0.01675272546708584,0.0
8754004543,0,0.8999999761581421,-0.01829008013010025,0.0
8779004544,0,0.8999999761581421,-0.018688326701521873,0.0
8804004544,0,0.8999999761581421,-0.020973222330212593,0.0
8829004544,0,0.8999999761581421,-0.01941320300102234,0.0
8854004545,0,0.8999999761581421,-0.01762937195599079,0.0
8879004545,0,0.8999999761581421,-0.018014712259173393,0.0
8904004545,0,0.8999999761581421,-0.018202507868409157,0.0
8929004546,0,0.8999999761581421,-0.01687033288180828,0.0
8954004546,0,0.8999999761581421,-0.017448386177420616,0.0
8979004546,0,0.8999999761581421,-0.018148446455597878,0.0
9004004547,0,0.8999999761581421,-0.017346596345305443,0.0
9029004547,0,0.8999999761581421,-0.015889760106801987,0.0
9054004548,0,0.8999999761581421,-0.012574352324008942,0.0
9079004548,0,0.8999999761581421,-0.012449562549591064,0.0
9104004548,0,0.8999999761581421,-0.012542697601020336,0.0
9129004549,0,0.8999999761581421,-0.009839446283876896,0.0
9154004549,0,0.8999999761581421,-0.008514989167451859,0.0
9179004549,0,0.8999999761581421,-0.011456809937953949,0.0
9204004550,0,0.8999999761581421,-0.010632451623678207,0.0
9229004550,0,0.8999999761581421,-0.011347311548888683,0.0
9254004551,0,0.8999999761581421,-0.010621537454426289,0.0
9279004551,0,0.8999999761581421,-0.008530734106898308,0.0
9304004551,0,0.8999999761581421,-0.008029480464756489,0.0
9329004552,0,0.8999999761581421,-0.008677233010530472,0.0
9354004552,0,0.8999999761581421,-0.008010354824364185,0.0
9379004552,0,0.8999999761581421,-0.0083320839330554,0.0
9404004553,0,0.8999999761581421,-0.007969046011567116,0.0
9429004553,0,0.8999999761581421,-0.008499525487422943,0.0
9454004554,0,0.8999999761581421,-0.008352773264050484,0.0
9479004554,0,0.8999999761581421,-0.0075171468779444695,0.0
9504004554,0,0.8999999761581421,-0.00751554174348712,0.0
9529004555,0,0.8999999761581421,-0.007009653840214014,0.0
9554004555,0,0.8999999761581421,-0.006057866849005222,0.0
9579004555,0,0.8999999761581421,-0.0064306799322366714,0.0
9604004556,0,0.8999999761581421,-0.006421251688152552,0.0
9629004556,0,0.8999999761581421,-0.005459574982523918,0.0
9654004557,0,0.8999999761581421,-0.005991305224597454,0.0
9679004557,0,0.8999999761581421,-0.006196966394782066,0.0
9704004557,0,0.8999999761581421,-0.005971337202936411,0.0
9729004558,0,0.8999999761581421,-0.005303932353854179,0.0
9754004558,0,0.8999999761581421,-0.005643606185913086,0.0
9779004558,0,0.8999999761581421,-0.005807435140013695,0.0
9804004559,0,0.8999999761581421,-0.0049160015769302845,0.0
9829004559,0,0.8999999761581421,-0.004790517035871744,0.0
9854004560,0,0.8999999761581421,-0.004688008688390255,0.0
9879004560,0,0.8999999761581421,-0.0038154716603457928,0.0
9904004560,0,0.8999999761581421,-0.004046300891786814,0.0
9929004561,0,0.8999999761581421,-0.0032704367768019438,0.0
9954004561,0,0.8999999761581421,-0.003974969498813152,0.0
9979004561,0,0.8999999761581421,-0.004241055343300104,0.0
10004004562,0,0.8999999761581421,-0.004244463052600622,0.0
10029004562,0,0.8999999761581421,-0.0038943206891417503,0.0
10054004563,0,0.8999999761581421,-0.003661365481093526,0.0
10079004563,0,0.8999999761581421,-0.0035742265172302723,0.0
10104004563,0,0.8999999761581421,-0.004331136588007212,0.0
10129004564,0,0.8999999761581421,-0.0040526543743908405,0.0
10154004564,0,0.8999999761581421,-0.0033837638329714537,0.0
10179004564,0,0.8999999761581421,-0.0025844324845820665,0.0
10204004565,0,0.8999999761581421,-0.002090487629175186,0.0
10229004565,0,0.8999999761581421,-0.0024808186572045088,0.0
10254004565,0,0.8999999761581421,-0.002905361820012331,0.0
10279004566,0,0.8999999761581421,-0.0030021427664905787,0.0
10304004566,0,0.8999999761581421,-0.0027831257320940495,0.0
10329004567,0,0.8999999761581421,-0.00337448762729764,0.0
10354004567,0,0.8999999761581421,-0.0035975389182567596,0.0
10379004567,0,0.8999999761581421,-0.004059579689055681,0.0
10404004568,0,0.8999999761581421,-0.00291400495916605,0.0
10429004568,0,0.8999999761581421,-0.00413535675033927,0.0
10454004568,0,0.8999999761581421,-0.004530058708041906,0.0
10479004569,0,0.8999999761581421,-0.003561861114576459,0.0
10504004569,0,0.8999999761581421,-0.003103814320638776,0.0
10529004570,0,0.8999999761581421,-0.0030542458407580853,0.0
10554004570,0,0.8999999761581421,-0.002494244137778878,0.0
10579004570,0,0.8999999761581421,-0.002018732251599431,0.0
10604004571,0,0.8999999761581421,-0.0027918554842472076,0.0
10629004571,0,0.8999999761581421,-0.002712520072236657,0.0
10654004571,0,0.8999999761581421,-0.003268989734351635,0.0
10679004572,0,0.8999999761581421,-0.0015152504201978445,0.0
10704004572,0,0.8999999761581421,-0.000995167065411806,0.0
10729004573,0,0.8999999761581421,0.000365200248779729,0.0
10754004573,0,0.8999999761581421,0.0008121166029013693,0.0
10779004573,0,0.8999999761581421,0.0020450183656066656,0.0
10804004574,0,0.8999999761581421,0.00260503264144063,0.0
10829004574,0,0.8999999761581421,0.0031280117109417915,0.0
10854004574,0,0.8999999761581421,0.0027626678347587585,0.0
10879004575,0,0.8999999761581421,0.0028597163036465645,0.0
10904004575,0,0.8999999761581421,0.0022795216646045446,0.0
10929004576,0,0.8999999761581421,0.0022475391160696745,0.0
10954004576,0,0.8999999761581421,0.002149659674614668,0.0
10979004576,0,0.8999999761581421,0.001728353789076209,0.0
11004004577,0,0.8999999761581421,0.0015976481372490525,0.0
11029004577,0,0.8999999761581421,0.001136189210228622,0.0
11054004577,0,0.8999999761581421,0.0013970995787531137,0.0
11079004578,0,0.8999999761581421,0.0008255165885202587,0.0
11104004578,0,0.8999999761581421,0.0008034835336729884,0.0
11129004579,0,0.8999999761581421,0.0008081707637757063,0.0
11154004579,0,0.8999999761581421,0.0004702713340520859,0.0
11179004579,0,0.8999999761581421,0.0005726900417357683,0.0
11204004580,0,0.8999999761581421,-0.0003872560628224164,0.0
11229004580,0,0.8999999761581421,-0.00019236801017541438,0.0
11254004580,0,0.8999999761581421,-0.00020888853759970516,0.0
11279004581,0,0.8999999761581421,9.798473911359906e-06,0.0
11304004581,0,0.8999999761581421,-0.0005595262628048658,0.0
11329004582,0,0.8999999761581421,-0.0014299954054877162,0.0
11354004582,0,0.8999999761581421,-0.0007011687266640365,0.0
11379004582,0,0.8999999761581421,-5.4668551456416026e-05,0.0
11404004583,0,0.8999999761581421,0.00012471213995013386,0.0
11429004583,0,0.8999999761581421,-0.0003738461236935109,0.0
11454004583,0,0.8999999761581421,-0.0009587266249582171,0.0
11479004584,0,0.8999999761581421,-0.0010327459312975407,0.0
11504004584,0,0.8999999761581421,-0.001030114945024252,0.0
11529004584,0,0.8310496211051941,-0.0008352723671123385,0.0
11554004585,0,0.6839088797569275,-0.000810184224974364,0.0
11579004585,0,0.5973628163337708,-0.00268362695351243,0.0
11604004586,0,0.4818231463432312,-0.0033535915426909924,0.0
11629004586,0,0.4703088104724884,-0.0036184436175972223,0.0
11654004586,0,0.448261022567749,-0.0026715274434536695,0.0
11679004587,0,0.42747804522514343,0.00027172485715709627,0.0
11704004587,0,0.0,0.0012409798800945282,1.0
11729004587,0,0.0,0.0009064728510566056,1.0
11754004588,0,0.0,0.0024774959310889244,1.0
11779004588,0,0.0,0.001186267239972949,1.0
11804004589,0,0.0,0.0013695041416212916,1.0
11829004589,0,0.0,0.0019226355943828821,1.0
11854004589,0,0.0,0.0036167672369629145,1.0
11879004590,0,0.0,0.003052868414670229,1.0
11904004590,0,0.0,0.002480719005689025,1.0
11929004590,0,0.0,-0.0041376687586307526,1.0
11954004591,0,0.0,2.5312963771284558e-05,1.0
11979004591,0,0.21945320069789886,-0.0016466632951050997,0.0
12004004592,0,0.20364755392074585,0.0017391496803611517,0.0
12029004592,0,0.18829157948493958,0.002005293732509017,0.0
12054004592,0,0.2082246094942093,0.0016403183108195662,0.0
12079004593,0,0.15544110536575317,0.004878058563917875,0.0
12104004593,0,0.1787259727716446,0.0018684808164834976,0.0
12129004593,0,0.16352419555187225,0.0023725642822682858,0.0
12154004594,0,0.11832964420318604,0.0040472568944096565,0.0
12179004594,0,0.12044356018304825,0.0047089047729969025,0.0
12204004595,0,0.09925089031457901,0.002413736190646887,0.0
12229004595,0,0.0,0.0007110824808478355,1.0
12254004595,0,0.0,0.002121987519785762,1.0
12279004596,0,0.0,0.002180559327825904,1.0
12304004596,0,0.0,0.0002669707464519888,1.0
12329004596,0,0.0,-0.0008568287594243884,1.0
12354004597,0,0.0,1.3742907867708709e-05,1.0
12379004597,0,0.0,-0.0019191480241715908,1.0
12404004598,0,0.0,-0.0031058306340128183,1.0
12429004598,0,0.0,-0.0036146913189440966,1.0
12454004598,0,0.0,-0.001182038220576942,1.0
12479004599,0,0.0,0.002778851194307208,1.0
12504004599,0,0.0,0.004585747607052326,1.0
12529004599,0,0.0,0.00622271653264761,1.0
12554004600,0,0.0,0.006683448329567909,1.0
12579004600,0,0.0,0.006131245754659176,1.0
12604004601,0,0.0,0.007161047775298357,1.0
12629004601,0,0.0,0.006123451050370932,1.0
12654004601,0,0.0012234222376719117,0.0026167379692196846,0.0
12679004602,0,0.0068096742033958435,0.002136365044862032,0.0
12704004602,0,0.17995616793632507,0.0016086632385849953,0.0
12729004602,0,0.3365207612514496,0.0011983439326286316,0.0
12754004603,0,0.3217031955718994,-0.00015013894881121814,0.0
12779004603,0,0.5658249855041504,-0.00013629785098601133,0.0
12804004603,0,0.5942764282226562,0.002211966784670949,0.0
12829004604,0,0.7208940386772156,0.002395902294665575,0.0
12854004604,0,0.8999999761581421,0.002124131890013814,0.0
12879004605,0,0.8999999761581421,0.002055252203717828,0.0
12904004605,0,0.8999999761581421,0.002859934000298381,0.0
12929004605,0,0.8999999761581421,0.0026197105180472136,0.0
12954004606,0,0.8999999761581421,0.0023190926294773817,0.0
12979004606,0,0.8999999761581421,0.0003340360999573022,0.0
13004004606,0,0.8999999761581421,0.0013209329918026924,0.0
13029004607,0,0.8999999761581421,0.00036397366784512997,0.0
13054004607,0,0.8999999761581421,-0.0008778201881796122,0.0
13079004608,0,0.8999999761581421,-0.0007830456015653908,0.0
13104004608,0,0.8999999761581421,-0.0025410607922822237,0.0
13129004608,0,0.8999999761581421,-0.002430996624752879,0.0
13154004609,0,0.8999999761581421,-0.002941480837762356,0.0
13179004609,0,0.8999999761581421,-0.003921292722225189,0.0
13204004609,0,0.8999999761581421,-0.0038871646393090487,0.0
13229004610,0,0.8999999761581421,-0.003701969748362899,0.0
13254004610,0,0.8999999761581421,-0.00017462375399190933,0.0
13279004611,0,0.8999999761581421,-2.454457171552349e-05,0.0
13304004611,0,0.8999999761581421,0.001716714003123343,0.0
13329004611,0,0.8999999761581421,0.003688802942633629,0.0
13354004612,0,0.8999999761581421,0.004132433794438839,0.0
13379004612,0,0.8999999761581421,0.0029445458203554153,0.0
13404004612,0,0.8999999761581421,0.0028911351691931486,0.0
13429004613,0,0.8999999761581421,0.002726447768509388,0.0
13454004613,0,0.8999999761581421,0.0021161718759685755,0.0
13479004614,0,0.8999999761581421,0.003819918492808938,0.0
13504004614,0,0.8999999761581421,0.0029606635216623545,0.0
13529004614,0,0.8999999761581421,0.0033201847691088915,0.0
13554004615,0,0.8999999761581421,0.0030878956895321608,0.0
13579004615,0,0.8999999761581421,0.003515200922265649,0.0
13604004615,0,0.8999999761581421,0.0037855796981602907,0.0
13629004616,0,0.8999999761581421,0.003646639408543706,0.0
13654004616,0,0.8999999761581421,0.004526160191744566,0.0
13679004617,0,0.8999999761581421,0.005440560169517994,0.0
13704004617,0,0.8999999761581421,0.006187461316585541,0.0
13729004617,0,0.8999999761581421,0.00678608613088727,0.0
13754004618,0,0.8999999761581421,0.005747577175498009,0.0
13779004618,0,0.8999999761581421,0.004647985100746155,0.0
13804004618,0,0.8999999761581421,0.0053195105865597725,0.0
13829004619,0,0.8999999761581421,0.00683600502088666,0.0
13854004619,0,0.8999999761581421,0.006547028198838234,0.0
13879004620,0,0.8999999761581421,0.007311408873647451,0.0
13904004620,0,0.8999999761581421,0.007645703852176666,0.0
13929004620,0,0.8999999761581421,0.006287973374128342,0.0
13954004621,0,0.8999999761581421,0.0055767325684428215,0.0
13979004621,0,0.8999999761581421,0.001607308629900217,0.0
14004004621,0,0.8999999761581421,0.001428790157660842,0.0
14029004622,0,0.867128312587738,-0.000769958714954555,0.0
14054004622,0,0.8999999761581421,-0.001391608384437859,0.0
14079004622,0,0.8237283229827881,-0.0021817658562213182,0.0
14104004623,0,0.8160086274147034,-0.006178919225931168,0.0
14129004623,0,0.8199703097343445,-0.006073277443647385,0.0
14154004624,0,0.7021403908729553,-0.00685651833191514,0.0
14179004624,0,0.6905390024185181,-0.0012823864817619324,0.0
14204004624,0,0.5521484017372131,-0.002721810480579734,0.0
14229004625,0,0.3797035217285156,-0.006459376774728298,0.0
14254004625,0,0.3800414502620697,-0.009088428691029549,0.0
14279004625,0,0.0,-0.007801016792654991,1.0
14304004626,0,0.0,-0.007889228872954845,1.0
14329004626,0,0.0,-0.009088091552257538,1.0
14354004627,0,0.0,-0.009542938321828842,1.0
14379004627,0,0.0,-0.008887224830687046,1.0
14404004627,0,0.0,-0.011242673732340336,1.0
14429004628,0,0.0,-0.010917173698544502,1.0
14454004628,0,0.0,-0.010013681836426258,1.0
14479004628,0,0.2383810132741928,-0.008825627155601978,0.0
14504004629,0,0.26158371567726135,-0.007912158034741879,0.0
14529004629,0,0.23239129781723022,-0.007095934823155403,0.0
14554004630,0,0.19679267704486847,-0.005696187261492014,0.0
14579004630,0,0.21845798194408417,-0.005739577114582062,0.0
14604004630,0,0.1823057234287262,-0.003121110377833247,0.0
14629004631,0,0.1615687757730484,-0.005034111440181732,0.0
14654004631,0,0.0,-0.005293380934745073,1.0
14679004631,0,0.0,-0.004809777718037367,1.0
14704004632,0,0.0,-0.0013465447118505836,1.0
14729004632,0,0.11688125878572464,0.0015545965870842338,0.0
14754004633,0,0.0,-0.0020274817943573,1.0
14779004633,0,0.0,-0.0028648830484598875,1.0
14804004633,0,0.0,-0.001581191667355597,1.0
14829004634,0,0.0,-0.0002559798303991556,1.0
14854004634,0,0.0,-0.0005931009072810411,1.0
14879004634,0,0.0,0.0017257441068068147,1.0
14904004635,0,0.05724412947893143,0.0014530131593346596,0.0
14929004635,0,0.06797759234905243,0.0003027011698577553,0.0
14954004636,0,0.0452139712870121,-0.0005613447865471244,0.0
14979004636,0,0.19961698353290558,-0.0003268444852437824,0.0
15004004636,0,0.350917786359787,-0.0002626535133458674,0.0
15029004637,0,0.3925569951534271,-0.0024564575869590044,0.0
15054004637,0,0.6420096755027771,0.00012960995081812143,0.0
15079004637,0,0.646925687789917,-0.0005981324939057231,0.0
15104004638,0,0.7740595936775208,-0.001950887031853199,0.0
15129004638,0,0.8999999761581421,-0.001434016739949584,0.0
15154004639,0,0.6513131260871887,-0.002993526868522167,0.0
15179004639,0,0.8999999761581421,-0.004027435090392828,0.0
15204004639,0,0.8999999761581421,-0.0014640368754044175,0.0
15229004640,0,0.8999999761581421,-0.004172643646597862,0.0
15254004640,0,0.8999999761581421,-0.002728787250816822,0.0
15279004640,0,0.8999999761581421,0.0003064705815631896,0.0
15304004641,0,0.8999999761581421,0.0006529404781758785,0.0
15329004641,0,0.8999999761581421,0.000873703567776829,0.0
15354004641,0,0.8999999761581421,0.0016988913994282484,0.0
15379004642,0,0.8999999761581421,0.0005267911474220455,0.0
15404004642,0,0.8999999761581421,0.0005673653213307261,0.0
15429004643,0,0.8999999761581421,-0.0005524527514353395,0.0
15454004643,0,0.8999999761581421,-0.001824266742914915,0.0
15479004643,0,0.8511741161346436,-0.0034224356058984995,0.0
15504004644,0,0.8999999761581421,-0.006393435411155224,0.0
15529004644,0,0.8999999761581421,-0.005616576876491308,0.0
15554004644,0,0.7593294978141785,-0.004301789682358503,0.0
15579004645,0,0.8060773015022278,-0.006166717503219843,0.0
15604004645,0,0.6637970805168152,-0.0037664708215743303,0.0
15629004646,0,0.4912574887275696,-0.004770602565258741,0.0
15654004646,0,0.35968291759490967,-0.005262766033411026,0.0
15679004646,0,0.22410927712917328,-0.004524627700448036,0.0
15704004647,0,0.24040070176124573,-0.003690652782097459,0.0
15729004647,0,0.24040070176124573,-0.003932327963411808,0.0
15754004647,0,0.0,-0.0035442919470369816,1.0
15779004648,0,0.2436320185661316,-0.004001658409833908,0.0
15804004648,0,0.31172415614128113,0.00027243205113336444,0.0
15829004649,0,0.2925243377685547,0.0028128453996032476,0.0
15854004649,0,0.509924054145813,0.0019734608940780163,0.0
15879004649,0,0.4859181046485901,0.0041720131412148476,0.0
15904004650,0,0.45115989446640015,0.0013305763714015484,0.0
15929004650,0,0.4969218075275421,0.0004481386567931622,0.0
15954004650,0,0.37315115332603455,0.0026456452906131744,0.0
15979004651,0,0.43306291103363037,0.004800107330083847,0.0
16004004651,0,0.49180009961128235,0.006828569807112217,0.0
16029004652,0,0.3958735167980194,0.0070187849923968315,0.0
16054004652,0,0.39870506525039673,0.010320167988538742,0.0
16079004652,0,0.27057838439941406,0.011692006140947342,0.0
16104004653,0,0.3027859628200531,0.010517488233745098,0.0
16129004653,0,0.21288076043128967,0.010765341110527515,0.0
16154004653,0,0.21330712735652924,0.011928019113838673,0.0
16179004654,0,0.20295678079128265,0.01022398192435503,0.0
16204004654,0,0.0,0.011257919482886791,1.0
16229004655,0,0.0,0.011306599713861942,1.0
16254004655,0,0.16861817240715027,0.009984517470002174,0.0
16279004655,0,0.0,0.01028615701943636,1.0
16304004656,0,0.0,0.01114644855260849,1.0
16329004656,0,0.0,0.00848185271024704,1.0
16354004656,0,0.0,0.005838575307279825,1.0
16379004657,0,0.0,0.0024955945555120707,1.0
16404004657,0,0.0,0.0016121109947562218,1.0
16429004658,0,0.0,0.0004240878624841571,1.0
16454004658,0,0.0,-0.002406691201031208,1.0
16479004658,0,0.06991969048976898,-0.0029006917029619217,0.0
16504004659,0,0.16608472168445587,-0.00462883897125721,0.0
16529004659,0,0.19072705507278442,-0.0046995459124445915,0.0
16554004659,0,0.2623150646686554,-0.0016114251920953393,0.0
16579004660,0,0.28258588910102844,-0.0031421261373907328,0.0
16604004660,0,0.2812427282333374,-0.003223866457119584,0.0
16629004660,0,0.3348676562309265,-0.005121701397001743,0.0
16654004661,0,0.49252262711524963,-0.00327642192132771,0.0
16679004661,0,0.4896485507488251,-0.003941202536225319,0.0
16704004662,0,0.609403133392334,-0.0028576699551194906,0.0
16729004662,0,0.8999999761581421,-0.005186907015740871,0.0
16754004662,0,0.8999999761581421,-0.0074780224822461605,0.0
16779004663,0,0.8999999761581421,-0.008438222110271454,0.0
16804004663,0,0.8999999761581421,-0.008546093478798866,0.0
16829004663,0,0.8999999761581421,-0.007998818531632423,0.0
16854004664,0,0.8999999761581421,-0.007884259335696697,0.0
16879004664,0,0.8999999761581421,-0.006809445098042488,0.0
16904004665,0,0.8999999761581421,-0.006891773082315922,0.0
16929004665,0,0.8999999761581421,-0.007643162272870541,0.0
16954004665,0,0.8999999761581421,-0.006926725152879953,0.0
16979004666,0,0.8999999761581421,-0.007330046501010656,0.0
17004004666,0,0.8999999761581421,-0.008607560768723488,0.0
17029004666,0,0.8999999761581421,-0.010474774986505508,0.0
17054004667,0,0.8999999761581421,-0.007608914747834206,0.0
17079004667,0,0.8999999761581421,-0.004665969870984554,0.0
17104004668,0,0.8999999761581421,-0.006909716874361038,0.0
17129004668,0,0.8999999761581421,-0.00789895560592413,0.0
17154004668,0,0.8999999761581421,-0.0075875548645854,0.0
17179004669,0,0.8999999761581421,-0.008919917978346348,0.0
17204004669,0,0.8999999761581421,-0.008920888416469097,0.0
17229004669,0,0.8999999761581421,-0.0072553642094135284,0.0
17254004670,0,0.8999999761581421,-0.005414391867816448,0.0
17279004670,0,0.8999999761581421,-0.00482738995924592,0.0
17304004671,0,0.8999999761581421,-0.004570428282022476,0.0
17329004671,0,0.8999999761581421,-0.004289390053600073,0.0
17354004671,0,0.8999999761581421,-0.0028837856370955706,0.0
17379004672,0,0.8999999761581421,-0.003203313099220395,0.0
17404004672,0,0.8999999761581421,-0.000935064279474318,0.0
17429004672,0,0.8999999761581421,-0.0016980946529656649,0.0
17454004673,0,0.8999999761581421,-0.001174648874439299,0.0
17479004673,0,0.8999999761581421,-0.0009396746754646301,0.0
17504004674,0,0.8999999761581421,-0.0009214607998728752,0.0
17529004674,0,0.8999999761581421,-0.0010179543169215322,0.0
17554004674,0,0.8999999761581421,0.00046844567987136543,0.0
17579004675,0,0.8999999761581421,0.00026699493173509836,0.0
17604004675,0,0.8999999761581421,0.00206962414085865,0.0
17629004675,0,0.871213972568512,0.0025442554615437984,0.0
17654004676,0,0.8434197306632996,0.0018730711890384555,0.0
17679004676,0,0.895832359790802,0.002565494505688548,0.0
17704004677,0,0.8999999761581421,0.0038468067068606615,0.0
17729004677,0,0.8999999761581421,0.007363134529441595,0.0
17754004677,0,0.8824401497840881,0.008443118073046207,0.0
17779004678,0,0.8447553515434265,0.008377008140087128,0.0
17804004678,0,0.7709167003631592,0.009696489199995995,0.0
17829004678,0,0.7056708931922913,0.011240540072321892,0.0
17854004679,0,0.6363333463668823,0.012958459556102753,0.0
17879004679,0,0.6090572476387024,0.011568387039005756,0.0
17904004679,0,0.5308640003204346,0.013419363647699356,0.0
17929004680,0,0.509490430355072,0.01255930494517088,0.0
17954004680,0,0.45180895924568176,0.012384362518787384,0.0
17979004681,0,0.39230144023895264,0.00931231863796711,0.0
18004004681,0,0.4112820327281952,0.004856163635849953,0.0
18029004681,0,0.33964335918426514,0.005961335264146328,0.0
18054004682,0,0.4051751494407654,0.00836603157222271,0.0
18079004682,0,0.40085846185684204,0.010198001749813557,0.0
18104004682,0,0.43334218859672546,0.009141169488430023,0.0
18129004683,0,0.3481813073158264,0.009176742285490036,0.0
18154004683,0,0.32767900824546814,0.009216523729264736,0.0
18179004684,0,0.32253313064575195,0.007385880686342716,0.0
18204004684,0,0.301380455493927,0.005019167438149452,0.0
18229004684,0,0.43344858288764954,0.002873176010325551,0.0
18254004685,0,0.4571365714073181,0.0017547353636473417,0.0
18279004685,0,0.4211818277835846,0.0016656185034662485,0.0
18304004685,0,0.3798883259296417,-0.0008614191901870072,0.0
18329004686,0,0.4208734929561615,-0.0035128530580550432,0.0
18354004686,0,0.32957565784454346,-0.000852727796882391,0.0
18379004687,0,0.4624200165271759,-0.001246061292476952,0.0
18404004687,0,0.3973885774612427,-0.001793685951270163,0.0
18429004687,0,0.38978785276412964,-0.0035083238035440445,0.0
18454004688,0,0.4981013834476471,-0.00836058147251606,0.0
18479004688,0,0.4241335093975067,-0.005591616965830326,0.0
18504004688,0,0.4362069368362427,-0.006066498812288046,0.0
18529004689,0,0.4653903543949127,-0.005713628139346838,0.0
18554004689,0,0.36847034096717834,-0.007158589083701372,0.0
18579004690,0,0.4002903997898102,-0.0074365707114338875,0.0
18604004690,0,0.3814236521720886,-0.008982392027974129,0.0
18629004690,0,0.28519341349601746,-0.008594309911131859,0.0
18654004691,0,0.2793683707714081,-0.005133667029440403,0.0
18679004691,0,0.31529656052589417,-0.00513841537758708,0.0
18704004691,0,0.31618401408195496,-0.004953721538186073,0.0
18729004692,0,0.4805901348590851,-0.004748048726469278,0.0
18754004692,0,0.25322210788726807,-0.005279400385916233,0.0
18779004693,0,0.3813525438308716,-0.005179629661142826,0.0
18804004693,0,0.2888012230396271,-0.0031469115056097507,0.0
18829004693,0,0.32269197702407837,-0.004254658706486225,0.0
18854004694,0,0.4316307306289673,-0.004256838466972113,0.0
18879004694,0,0.35712695121765137,-0.0034038673620671034,0.0
18904004694,0,0.36348599195480347,-0.003882085904479027,0.0
18929004695,0,0.42404255270957947,-0.0020392953883856535,0.0
18954004695,0,0.4311724603176117,-0.003479783656075597,0.0
18979004696,0,0.4596883952617645,-0.0028470519464462996,0.0
19004004696,0,0.4756903350353241,-0.004173319786787033,0.0
19029004696,0,0.43971338868141174,-0.006800277158617973,0.0
19054004697,0,0.564908504486084,-0.007307928055524826,0.0
19079004697,0,0.6096059679985046,-0.006433397997170687,0.0
19104004697,0,0.5593002438545227,-0.005842126905918121,0.0
19129004698,0,0.47902247309684753,-0.006293841637670994,0.0
19154004698,0,0.3518426716327667,-0.0036889025941491127,0.0
19179004698,0,0.35613739490509033,-0.0014849030412733555,0.0
19204004699,0,0.4434550106525421,-0.001410069759003818,0.0
19229004699,0,0.3854212760925293,-0.0001258405391126871,0.0
19254004700,0,0.43198052048683167,0.00040899173473007977,0.0
19279004700,0,0.4114178717136383,-0.00154105294495821,0.0
19304004700,0,0.5065872073173523,0.0003135526494588703,0.0
19329004701,0,0.4904947280883789,0.00138212856836617,0.0
19354004701,0,0.4095352292060852,0.0018667348194867373,0.0
19379004701,0,0.4790518283843994,0.0006982174818404019,0.0
19404004702,0,0.6058070659637451,0.0003816254320554435,0.0
19429004702,0,0.6754615306854248,0.00030087551567703485,0.0
19454004703,0,0.7457770109176636,-2.8753674996551126e-05,0.0
19479004703,0,0.7504254579544067,0.00033611644175834954,0.0
19504004703,0,0.7307479381561279,0.0015464600874111056,0.0
19529004704,0,0.737488865852356,0.0015523810870945454,0.0
19554004704,0,0.7234863638877869,0.0001408043463015929,0.0
19579004704,0,0.7989590764045715,-0.0004389961832202971,0.0
19604004705,0,0.7531287670135498,0.000851519696880132,0.0
19629004705,0,0.8127216100692749,0.00027486245380714536,0.0
19654004706,0,0.8457086682319641,0.00021089916117489338,0.0
19679004706,0,0.8562846779823303,-8.072572381934151e-05,0.0
19704004706,0,0.8841463923454285,-0.0007500415667891502,0.0
19729004707,0,0.8999999761581421,-0.0013854312710464,0.0
19754004707,0,0.8999999761581421,-0.0009632829460315406,0.0
19779004707,0,0.8999999761581421,-0.0007867396343499422,0.0
19804004708,0,0.8644425868988037,-0.00044547347351908684,0.0
19829004708,0,0.8373169898986816,-0.0021755192428827286,0.0
19854004709,0,0.8436937928199768,-0.003218998434022069,0.0
19879004709,0,0.8376516699790955,-0.0037491193506866693,0.0
19904004709,0,0.8761351108551025,-0.0017859891522675753,0.0
19929004710,0,0.821820080280304,-0.0020080457907170057,0.0
19954004710,0,0.8999999761581421,-0.004829827230423689,0.0
19979004710,0,0.8999999761581421,-0.004134770482778549,0.0
20004004711,0,0.8999999761581421,-0.002609234768897295,0.0
20029004711,0,0.8721007704734802,-0.003265362698584795,0.0
20054004712,0,0.8999999761581421,-0.0028885267674922943,0.0
20079004712,0,0.8999999761581421,-0.0040869079530239105,0.0
20104004712,0,0.8999999761581421,-0.004507896490395069,0.0
20129004713,0,0.8999999761581421,-0.003137733321636915,0.0
20154004713,0,0.8511627912521362,-0.0032105958089232445,0.0
20179004713,0,0.8937429785728455,-0.0032618180848658085,0.0
20204004714,0,0.8321626782417297,-0.0022127535194158554,0.0
20229004714,0,0.8072929382324219,-0.00221594818867743,0.0
20254004715,0,0.8177339434623718,-0.0010869150282815099,0.0
20279004715,0,0.7311147451400757,-0.0007921881042420864,0.0
20304004715,0,0.6290969252586365,0.000764016411267221,0.0
20329004716,0,0.633011519908905,0.0011010378366336226,0.0
20354004716,0,0.5004426836967468,0.0012638780754059553,0.0
20379004716,0,0.5539141893386841,0.002601935062557459,0.0
20404004717,0,0.5001019835472107,0.0017468237783759832,0.0
20429004717,0,0.6044455170631409,0.001314562396146357,0.0
20454004717,0,0.5718438625335693,0.0025297156535089016,0.0
20479004718,0,0.5554808378219604,0.002991386689245701,0.0
20504004718,0,0.6805475950241089,0.0025701902341097593,0.0
20529004719,0,0.7203315496444702,0.002438397379592061,0.0
20554004719,0,0.7333184480667114,0.00209742016158998,0.0
20579004719,0,0.7110278606414795,0.0019163931719958782,0.0
20604004720,0,0.7620608806610107,-0.00015961582539603114,0.0
20629004720,0,0.7724943161010742,0.0004090087895747274,0.0
20654004720,0,0.7538403868675232,0.0011492874473333359,0.0
20679004721,0,0.7201599478721619,0.00025218623341061175,0.0
20704004721,0,0.7372515797615051,0.0004682450380641967,0.0
20729004722,0,0.7347491383552551,0.0003100194444414228,0.0
20754004722,0,0.8202444911003113,-0.0018568396335467696,0.0
20779004722,0,0.8120042681694031,-0.0047340355813503265,0.0
20804004723,0,0.6640655994415283,-0.004023567773401737,0.0
20829004723,0,0.7454341053962708,-0.004420841578394175,0.0
20854004723,0,0.7530024647712708,-0.004580492619425058,0.0
20879004724,0,0.7937418222427368,-0.00421220762655139,0.0
20904004724,0,0.8310662508010864,-0.004209249280393124,0.0
20929004725,0,0.8478904366493225,-0.005588443484157324,0.0
20954004725,0,0.7439260482788086,-0.005635174922645092,0.0
20979004725,0,0.7179155945777893,-0.005138271488249302,0.0
21004004726,0,0.6792194843292236,-0.005402577109634876,0.0
21029004726,0,0.675424337387085,-0.004750669933855534,0.0
21054004726,0,0.684520959854126,-0.0035253693349659443,0.0
21079004727,0,0.6438766717910767,-0.00362338125705719,0.0
21104004727,0,0.6403220295906067,-0.003850587410852313,0.0
21129004728,0,0.6452798843383789,-0.0017197206616401672,0.0
21154004728,0,0.5384067893028259,0.00018930154328700155,0.0
21179004728,0,0.48502373695373535,0.0008698772289790213,0.0
21204004729,0,0.37617892026901245,0.0029092906042933464,0.0
21229004729,0,0.3171643018722534,0.003358576213940978,0.0
21254004729,0,0.34291109442710876,0.0029703525360673666,0.0
21279004730,0,0.28574055433273315,0.0036086023319512606,0.0
21304004730,0,0.31164073944091797,0.0027619749307632446,0.0
21329004731,0,0.3140106797218323,0.0029063422698527575,0.0
21354004731,0,0.2917483448982239,0.0024542391765862703,0.0
21379004731,0,0.2812098264694214,0.003055302891880274,0.0
21404004732,0,0.29215627908706665,0.002441590651869774,0.0
21429004732,0,0.3030797243118286,0.0019076134776696563,0.0
21454004732,0,0.36411112546920776,0.0022834944538772106,0.0
21479004733,0,0.3567558526992798,0.0015754898777231574,0.0
21504004733,0,0.3354620039463043,0.0008779297349974513,0.0
21529004734,0,0.38937604427337646,0.0006054663681425154,0.0
21554004734,0,0.40376946330070496,-0.0004981072270311415,0.0
21579004734,0,0.3915017545223236,-0.0005286210798658431,0.0
21604004735,0,0.3890751898288727,-0.0009036012925207615,0.0
21629004735,0,0.3754037916660309,-0.001243275124579668,0.0
21654004735,0,0.3827214539051056,-0.001118938671424985,0.0
21679004736,0,0.3605079650878906,-0.002026565605774522,0.0
21704004736,0,0.29120078682899475,-0.00216166814789176,0.0
21729004736,0,0.2902843952178955,-0.001766262692399323,0.0
21754004737,0,0.3429972529411316,-0.0024546575732529163,0.0
21779004737,0,0.3508789837360382,-0.0034153421875089407,0.0
21804004738,0,0.3873819410800934,-0.0019620556849986315,0.0
21829004738,0,0.4019577205181122,-0.002420401433482766,0.0
21854004738,0,0.37546566128730774,-0.0014379967469722033,0.0
21879004739,0,0.35321083664894104,-6.161684723338112e-05,0.0
21904004739,0,0.41058632731437683,0.00044361225445754826,0.0
21929004739,0,0.45318880677223206,-0.00039964576717466116,0.0
21954004740,0,0.49377351999282837,0.000365712505299598,0.0
21979004740,0,0.5119592547416687,0.0010292725637555122,0.0
22004004741,0,0.4638940095901489,0.001865849713794887,0.0
22029004741,0,0.4125927686691284,0.0035002087242901325,0.0
22054004741,0,0.25609174370765686,0.004059278406202793,0.0
22079004742,0,0.3064784109592438,0.0032252096571028233,0.0
22104004742,0,0.4011736512184143,0.002355949953198433,0.0
22129004742,0,0.40836596488952637,0.002838465850800276,0.0
22154004743,0,0.48552629351615906,0.0036620714236050844,0.0
22179004743,0,0.5110097527503967,0.00344329746440053,0.0
22204004744,0,0.5055748820304871,0.002726729726418853,0.0
22229004744,0,0.564720869064331,0.0029952130280435085,0.0
22254004744,0,0.603143572807312,0.0029879133217036724,0.0
22279004745,0,0.6030527949333191,0.0029629289638251066,0.0
22304004745,0,0.5730966329574585,0.003331732237711549,0.0
22329004745,0,0.5907010436058044,0.003925582859665155,0.0
22354004746,0,0.5686804056167603,0.0033173945266753435,0.0
22379004746,0,0.5859615206718445,0.003037891583517194,0.0
22404004747,0,0.5804190039634705,0.003706585615873337,0.0
22429004747,0,0.5828925371170044,0.004109837114810944,0.0
22454004747,0,0.600013792514801,0.004334624391049147,0.0
22479004748,0,0.5858334302902222,0.005102202761918306,0.0
22504004748,0,0.5798788070678711,0.004630644805729389,0.0
22529004748,0,0.5713423490524292,0.005408330354839563,0.0
22554004749,0,0.5736472010612488,0.005869964137673378,0.0
22579004749,0,0.5578556060791016,0.00790779385715723,0.0
22604004750,0,0.5398828983306885,0.009415717795491219,0.0
22629004750,0,0.4957124888896942,0.01139590423554182,0.0
22654004750,0,0.5315203666687012,0.012222008779644966,0.0
22679004751,0,0.4844505786895752,0.013461100868880749,0.0
22704004751,0,0.4426882266998291,0.014661723747849464,0.0
22729004751,0,0.49349284172058105,0.012361684814095497,0.0
22754004752,0,0.4662727117538452,0.012064585462212563,0.0
22779004752,0,0.46671953797340393,0.010420655831694603,0.0
22804004753,0,0.45369601249694824,0.008687678724527359,0.0
22829004753,0,0.4486893117427826,0.006627218797802925,0.0
22854004753,0,0.44578221440315247,0.00708874873816967,0.0
22879004754,0,0.4297046959400177,0.0074511743150651455,0.0
22904004754,0,0.4606874883174896,0.0071392240934073925,0.0
22929004754,0,0.458899587392807,0.007389238569885492,0.0
22954004755,0,0.4317978322505951,0.007169138640165329,0.0
22979004755,0,0.4686942994594574,0.006977566052228212,0.0
23004004755,0,0.4697553813457489,0.0072062150575220585,0.0
23029004756,0,0.4979098439216614,0.007671201601624489,0.0
23054004756,0,0.49995362758636475,0.006939241662621498,0.0
23079004757,0,0.5210098624229431,0.007280886173248291,0.0
23104004757,0,0.5208727121353149,0.006535547785460949,0.0
23129004757,0,0.497062623500824,0.005614216439425945,0.0
23154004758,0,0.4909946620464325,0.005621370859444141,0.0
23179004758,0,0.4745591878890991,0.005149537231773138,0.0
23204004758,0,0.4752321243286133,0.005082079209387302,0.0
23229004759,0,0.4834814667701721,0.00452342489734292,0.0
23254004759,0,0.4766702353954315,0.004523624200373888,0.0
23279004760,0,0.47280454635620117,0.005122748669236898,0.0
23304004760,0,0.4760894775390625,0.00492739537730813,0.0
23329004760,0,0.47399523854255676,0.005217305384576321,0.0
23354004761,0,0.45048242807388306,0.005392679013311863,0.0
23379004761,0,0.43529364466667175,0.005908944644033909,0.0
23404004761,0,0.4495737850666046,0.006018512416630983,0.0
23429004762,0,0.42981502413749695,0.007134922314435244,0.0
23454004762,0,0.40136101841926575,0.007226342801004648,0.0
23479004763,0,0.38455408811569214,0.007632653694599867,0.0
23504004763,0,0.38110899925231934,0.0074257617816329,0.0
23529004763,0,0.39392030239105225,0.006948405411094427,0.0
23554004764,0,0.391986608505249,0.007044162135571241,0.0
23579004764,0,0.36627867817878723,0.006797286216169596,0.0
23604004764,0,0.33751603960990906,0.007150699850171804,0.0
23629004765,0,0.3152845501899719,0.004136163275688887,0.0
23654004765,0,0.35830551385879517,0.0033787167631089687,0.0
23679004766,0,0.3706597685813904,0.0036794941406697035,0.0
23704004766,0,0.39479175209999084,0.003837711177766323,0.0
23729004766,0,0.3983887732028961,0.0025241661351174116,0.0
23754004767,0,0.38132768869400024,0.0019646298605948687,0.0
23779004767,0,0.40710046887397766,0.00047149506281130016,0.0
23804004767,0,0.40699517726898193,0.00022887252271175385,0.0
23829004768,0,0.4304859936237335,0.000165185279911384,0.0
23854004768,0,0.4558665156364441,-0.0005306288367137313,0.0
23879004769,0,0.4554862380027771,-0.00024374811619054526,0.0
23904004769,0,0.45413219928741455,0.00041814419091679156,0.0
23929004769,0,0.44181352853775024,-0.0004528927674982697,0.0
23954004770,0,0.4323297441005707,-0.00034389860229566693,0.0
23979004770,0,0.42820578813552856,-0.0005448826123028994,0.0
24004004770,0,0.42533496022224426,-0.001166338799521327,0.0
24029004771,0,0.4087611138820648,-0.0002631800016388297,0.0
24054004771,0,0.39764276146888733,0.0004245289892423898,0.0
24079004772,0,0.40545326471328735,0.0007629833417013288,0.0
24104004772,0,0.4018130898475647,0.00025281377020291984,0.0
24129004772,0,0.38224998116493225,-2.9462307793437503e-05,0.0
24154004773,0,0.37846365571022034,9.317514923168346e-06,0.0
24179004773,0,0.3801851272583008,0.0003147835086565465,0.0
24204004773,0,0.348571240901947,0.0006204913952387869,0.0
24229004774,0,0.3665492832660675,0.0002900240651797503,0.0
24254004774,0,0.390600323677063,0.00040604479727335274,0.0
24279004774,0,0.3628627061843872,0.0014865807024762034,0.0
24304004775,0,0.35052111744880676,0.001396232983097434,0.0
24329004775,0,0.3825305104255676,0.0021884425077587366,0.0
24354004776,0,0.39616289734840393,0.0027503122109919786,0.0
24379004776,0,0.3887645900249481,0.0032092640176415443,0.0
24404004776,0,0.3896954655647278,0.0027552172541618347,0.0
24429004777,0,0.42355188727378845,0.001902312971651554,0.0
24454004777,0,0.44884830713272095,0.0006591018754988909,0.0
24479004777,0,0.474870890378952,0.0005114715895615518,0.0
24504004778,0,0.45963287353515625,0.0002463236451148987,0.0
24529004778,0,0.48894137144088745,-0.0005710863624699414,0.0
24554004779,0,0.46931618452072144,-0.0007821235340088606,0.0
24579004779,0,0.4280833303928375,-0.0010005331132560968,0.0
24604004779,0,0.4481513798236847,-0.0013557412894442677,0.0
24629004780,0,0.4871343672275543,-0.0032406558748334646,0.0
24654004780,0,0.4761611223220825,-0.0018645093077793717,0.0
24679004780,0,0.4659346044063568,-0.0015548185911029577,0.0
24704004781,0,0.4592379331588745,-0.0021386744920164347,0.0
24729004781,0,0.4473690986633301,-0.002483687363564968,0.0
24754004782,0,0.42625364661216736,-0.00459250807762146,0.0
24779004782,0,0.4242370128631592,-0.0049462392926216125,0.0
24804004782,0,0.4479251801967621,-0.004505145829170942,0.0
24829004783,0,0.457064151763916,-0.002672482281923294,0.0
24854004783,0,0.4539106786251068,-0.0006198083865456283,0.0
24879004783,0,0.41581055521965027,-0.0010937367333099246,0.0
24904004784,0,0.4281971752643585,-0.00014796324830967933,0.0
24929004784,0,0.42041298747062683,-8.08352924650535e-05,0.0
24954004785,0,0.41980472207069397,0.0003484207554720342,0.0
24979004785,0,0.4150369167327881,0.0005804935353808105,0.0
25004004785,0,0.4132671058177948,0.000895900244358927,0.0
25029004786,0,0.41969987750053406,0.0011559781851246953,0.0
25054004786,0,0.39945337176322937,0.0012346975272521377,0.0
25079004786,0,0.3990606367588043,0.0018834089860320091,0.0
25104004787,0,0.3902685046195984,0.0013265792513266206,0.0
25129004787,0,0.41812536120414734,0.001970903715118766,0.0
25154004788,0,0.42287465929985046,0.0021631764248013496,0.0
25179004788,0,0.42818987369537354,0.0032356767915189266,0.0
25204004788,0,0.4264349341392517,0.002234040992334485,0.0
25229004789,0,0.4375653564929962,0.002085325075313449,0.0
25254004789,0,0.435221403837204,0.002526317723095417,0.0
25279004789,0,0.4286002218723297,0.002797043649479747,0.0
25304004790,0,0.4277319610118866,0.002466250443831086,0.0
25329004790,0,0.41676804423332214,0.0017730587860569358,0.0
25354004791,0,0.4386742413043976,0.0013932149158790708,0.0
25379004791,0,0.4547135531902313,0.00036136253038421273,0.0
25404004791,0,0.5008972883224487,-0.00014519844262395054,0.0
25429004792,0,0.5037143230438232,-0.0007065972895361483,0.0
25454004792,0,0.5429840683937073,-0.002704126061871648,0.0
25479004792,0,0.48203781247138977,-0.0030865254811942577,0.0
25504004793,0,0.4714567959308624,-0.0035041687078773975,0.0
25529004793,0,0.45277026295661926,-0.006606857758015394,0.0
25554004793,0,0.4759868085384369,-0.007341558113694191,0.0
25579004794,0,0.4661875069141388,-0.007526450324803591,0.0
25604004794,0,0.49003317952156067,-0.007022949866950512,0.0
25629004795,0,0.4640245735645294,-0.005635217763483524,0.0
25654004795,0,0.4237551987171173,-0.004367527551949024,0.0
25679004795,0,0.4282812178134918,-0.00421939929947257,0.0
25704004796,0,0.4294988811016083,-0.00494338059797883,0.0
