scenario_num,scenario_type,scenario_type_intensity,collisions_vehicle,collisions_layout,outside_route_lanes,outside_route_lanes_average,meta_duration_game,meta_duration_system,meta_route_length,scores_score_composed,scores_score_penalty,scores_score_route,status
108,haze,9,Agent collided against object with type=vehicle.tesla.model3 and id=201 at (x=192.453  y=-69.134  z=0.035),,,0.0,5.050000075250864,58.50191068649292,131.55983352661133,7.837426020757137,0.6,13.062376701261895,Failed
102,haze,1,Agent collided against object with type=vehicle.tesla.model3 and id=201 at (x=192.442  y=-69.005  z=0.035),,,0.0,5.250000078231096,57.69066548347473,131.55983352661133,7.837426020757137,0.6,13.062376701261895,Failed
106,rain,1,,,,0.0,14.075000209733844,171.28804993629456,131.55983352661133,37.480835966237464,1.0,37.480835966237464,Failed
103,haze,9,Agent collided against object with type=vehicle.tesla.model3 and id=201 at (x=192.441  y=-69.111  z=0.035),,,0.0,5.050000075250864,55.9662663936615,131.55983352661133,7.837426020757137,0.6,13.062376701261895,Failed
107,haze,6,Agent collided against object with type=vehicle.tesla.model3 and id=201 at (x=192.487  y=-69.014  z=0.035),,,0.0,5.125000076368451,56.10423183441162,131.55983352661133,7.837426020757137,0.6,13.062376701261895,Failed
107,rain,3,,,,0.0,9.625000143423676,170.89514899253845,131.55983352661133,30.613143837448412,1.0,30.613143837448412,Failed
103,rain,8,,Agent collided against object with type=static.wall and id=0 at (x=182.504  y=-55.751  z=0.148),Agent went outside its route lanes for about 9.0 meters (29.88% of the completed route),29.88,9.125000135973096,133.1275930404663,131.55983352661133,10.47454394678383,0.4557642626708347,22.982372258416476,Failed
106,rain,8,,Agent collided against object with type=static.wall and id=0 at (x=182.502  y=-55.574  z=0.148),Agent went outside its route lanes for about 9.0 meters (29.88% of the completed route),29.88,9.225000137463212,135.3349723815918,131.55983352661133,10.47454394678383,0.4557642626708347,22.982372258416476,Failed
102,shade,4,,,,0.0,16.2750002425164,172.22713828086853,131.55983352661133,45.87468258366803,1.0,45.87468258366803,Failed
105,shade,8,,,,0.0,16.350000243633986,172.04072785377502,131.55983352661133,45.111606044332696,1.0,45.111606044332696,Failed
105,shade,9,,,,0.0,16.375000244006515,171.92585349082947,131.55983352661133,45.87468258366803,1.0,45.87468258366803,Failed
108,shade,6,,,,0.0,16.00000023841858,172.090430021286,131.55983352661133,44.34852809502651,1.0,44.34852809502651,Failed
109,haze,8,Agent collided against object with type=vehicle.tesla.model3 and id=201 at (x=192.402  y=-69.057  z=0.035),,,0.0,5.075000075623393,57.201393365859985,131.55983352661133,7.837426020757137,0.6,13.062376701261895,Failed
108,shade,8,,,,0.0,16.20000024139881,172.05169343948364,131.55983352661133,44.34852809502651,1.0,44.34852809502651,Failed
105,haze,2,Agent collided against object with type=vehicle.tesla.model3 and id=201 at (x=192.45  y=-69.024  z=0.035),,,0.0,5.200000077486038,55.4621217250824,131.55983352661133,7.837426020757137,0.6,13.062376701261895,Failed
103,haze,2,Agent collided against object with type=vehicle.tesla.model3 and id=201 at (x=192.448  y=-69.005  z=0.035),,,0.0,5.250000078231096,55.861923933029175,131.55983352661133,7.837426020757137,0.6,13.062376701261895,Failed
107,shade,3,,,,0.0,16.325000243261456,172.0905797481537,131.55983352661133,45.87468258366803,1.0,45.87468258366803,Failed
105,rain,8,,Agent collided against object with type=static.wall and id=0 at (x=182.517  y=-57.093  z=0.148),Agent went outside its route lanes for about 9.0 meters (30.91% of the completed route),30.91,8.975000133737922,128.03571486473083,131.55983352661133,9.978544196215859,0.4490936311562136,22.219295719081135,Failed
102,haze,5,Agent collided against object with type=vehicle.tesla.model3 and id=201 at (x=192.478  y=-69.057  z=0.035),,,0.0,5.125000076368451,56.459831953048706,131.55983352661133,7.837426020757137,0.6,13.062376701261895,Failed
108,haze,5,Agent collided against object with type=vehicle.tesla.model3 and id=201 at (x=192.477  y=-69.055  z=0.035),,,0.0,5.125000076368451,56.859843492507935,131.55983352661133,7.837426020757137,0.6,13.062376701261895,Failed
108,shade,1,,,,0.0,14.275000212714076,171.67355751991272,131.55983352661133,38.2439125055728,1.0,38.2439125055728,Failed
107,rain,1,,,,0.0,14.125000210478902,171.47231078147888,131.55983352661133,37.480835966237464,1.0,37.480835966237464,Failed
106,haze,4,Agent collided against object with type=vehicle.tesla.model3 and id=201 at (x=192.459  y=-69.086  z=0.035),,,0.0,5.15000007674098,57.4351646900177,131.55983352661133,7.837426020757137,0.6,13.062376701261895,Failed
106,shade,5,,,,0.0,16.375000244006515,171.91696882247925,131.55983352661133,45.87468258366803,1.0,45.87468258366803,Failed
105,rain,5,,,,0.0,13.40000019967556,171.5767378807068,131.55983352661133,47.40083720875835,1.0,47.40083720875835,Failed
104,shade,4,,,,0.0,16.350000243633986,172.00081324577332,131.55983352661133,45.87468258366803,1.0,45.87468258366803,Failed
104,shade,1,,,,0.0,14.100000210106373,171.97227239608765,131.55983352661133,37.480835966237464,1.0,37.480835966237464,Failed
100,shade,6,,,,0.0,16.425000244751573,172.18399953842163,131.55983352661133,45.87468258366803,1.0,45.87468258366803,Failed
106,rain,3,,,,0.0,8.275000123307109,171.41217255592346,131.55983352661133,25.271607789203454,1.0,25.271607789203454,Failed
105,haze,1,Agent collided against object with type=vehicle.tesla.model3 and id=201 at (x=192.443  y=-69.005  z=0.035),,,0.0,5.250000078231096,56.34229755401611,131.55983352661133,7.837426020757137,0.6,13.062376701261895,Failed
109,rain,2,,,,0.0,13.975000208243728,171.3676793575287,131.55983352661133,51.97929817312175,1.0,51.97929817312175,Failed
107,rain,5,,,,0.0,13.275000197812915,171.8401005268097,131.55983352661133,47.40083720875835,1.0,47.40083720875835,Failed
107,shade,7,,,,0.0,16.375000244006515,172.18315601348877,131.55983352661133,45.111606044332696,1.0,45.111606044332696,Failed
109,rain,0,Agent collided against object with type=vehicle.tesla.model3 and id=201 at (x=192.404  y=-69.008  z=0.035),,,0.0,5.325000079348683,68.00169134140015,131.55983352661133,7.837426020757137,0.6,13.062376701261895,Failed
108,rain,7,,,Agent went outside its route lanes for about 26.0 meters (56.38% of the completed route),56.38,12.475000185891986,171.43203043937683,131.55983352661133,15.351606455716707,0.4362292420900862,35.191603346358036,Failed
102,haze,9,Agent collided against object with type=vehicle.tesla.model3 and id=201 at (x=192.455  y=-69.141  z=0.035),,,0.0,5.050000075250864,58.592116355895996,131.55983352661133,7.837426020757137,0.6,13.062376701261895,Failed
107,shade,5,,,,0.0,16.150000240653753,172.07600712776184,131.55983352661133,45.111606044332696,1.0,45.111606044332696,Failed
101,rain,1,,,,0.0,14.150000210851431,171.31004452705383,131.55983352661133,37.480835966237464,1.0,37.480835966237464,Failed
100,haze,7,Agent collided against object with type=vehicle.tesla.model3 and id=201 at (x=192.483  y=-69.075  z=0.035),,,0.0,5.125000076368451,57.142813205718994,131.55983352661133,7.837426020757137,0.6,13.062376701261895,Failed
100,rain,6,,Agent collided against object with type=static.wall and id=0 at (x=182.394  y=-57.392  z=0.148),Agent went outside its route lanes for about 11.0 meters (39.12% of the completed route),39.12,8.825000131502748,121.44471049308777,131.55983352661133,8.49054485582023,0.39571486657024535,21.456219043297004,Failed
105,rain,3,,,,0.0,10.200000151991844,171.4351167678833,131.55983352661133,33.665450131238565,1.0,33.665450131238565,Failed
105,shade,5,,,,0.0,15.97500023804605,172.0772476196289,131.55983352661133,44.34852809502651,1.0,44.34852809502651,Failed
104,rain,6,,Agent collided against object with type=static.wall and id=0 at (x=182.386  y=-57.373  z=0.148),Agent went outside its route lanes for about 11.0 meters (39.12% of the completed route),39.12,8.825000131502748,127.56710720062256,131.55983352661133,8.49054485582023,0.39571486657024535,21.456219043297004,Failed
104,haze,2,Agent collided against object with type=vehicle.tesla.model3 and id=201 at (x=192.447  y=-69.005  z=0.035),,,0.0,5.250000078231096,56.234888553619385,131.55983352661133,7.837426020757137,0.6,13.062376701261895,Failed
106,shade,1,,,,0.0,14.125000210478902,171.66053223609924,131.55983352661133,37.480835966237464,1.0,37.480835966237464,Failed
108,rain,0,Agent collided against object with type=vehicle.tesla.model3 and id=201 at (x=192.403  y=-69.008  z=0.035),,,0.0,5.325000079348683,67.95036125183105,131.55983352661133,7.837426020757137,0.6,13.062376701261895,Failed
110,rain,1,,,,0.0,14.075000209733844,171.44060277938843,131.55983352661133,36.71775942690212,1.0,36.71775942690212,Failed
105,rain,7,,Agent collided against object with type=static.wall and id=0 at (x=182.174  y=-51.63  z=0.187),Agent went outside its route lanes for about 14.0 meters (41.03% of the completed route),41.03,9.725000144913793,137.02744340896606,131.55983352661133,9.978544196215857,0.3832788625471269,26.03468432853879,Failed
100,rain,0,Agent collided against object with type=vehicle.tesla.model3 and id=201 at (x=192.404  y=-69.008  z=0.035),,,0.0,5.325000079348683,63.478572368621826,131.55983352661133,7.837426020757137,0.6,13.062376701261895,Failed
101,haze,2,Agent collided against object with type=vehicle.tesla.model3 and id=201 at (x=192.448  y=-69.005  z=0.035),,,0.0,5.250000078231096,56.39250707626343,131.55983352661133,7.837426020757137,0.6,13.062376701261895,Failed
104,rain,8,,Agent collided against object with type=static.wall and id=0 at (x=182.486  y=-56.028  z=0.148),Agent went outside its route lanes for about 10.0 meters (33.2% of the completed route),33.2,9.200000137090683,129.5025336742401,131.55983352661133,9.978544196215857,0.4341825153650782,22.982372258416476,Failed
104,rain,9,,Agent collided against object with type=static.wall and id=0 at (x=182.591  y=-58.153  z=0.147),Agent went outside its route lanes for about 9.0 meters (32.01% of the completed route),32.01,8.50000012665987,130.38450455665588,131.55983352661133,9.482544445647886,0.4419485290727522,21.456219043297004,Failed
110,rain,4,,,Agent went outside its route lanes for about 4.0 meters (9.73% of the completed route),9.73,10.200000151991844,170.81161642074585,131.55983352661133,28.323908306661433,0.9027189370335753,31.376220376783753,Failed
108,shade,2,,,,0.0,16.20000024139881,172.13638257980347,131.55983352661133,45.111606044332696,1.0,45.111606044332696,Failed
110,rain,0,Agent collided against object with type=vehicle.tesla.model3 and id=201 at (x=192.405  y=-69.008  z=0.035),,,0.0,5.325000079348683,71.32749223709106,131.55983352661133,7.837426020757137,0.6,13.062376701261895,Failed
107,shade,9,,,,0.0,16.300000242888927,172.0940899848938,131.55983352661133,45.111606044332696,1.0,45.111606044332696,Failed
102,rain,4,,,Agent went outside its route lanes for about 3.0 meters (7.3% of the completed route),7.3,10.125000150874257,170.89136290550232,131.55983352661133,29.086990622328944,0.9270393397622653,31.376220376783753,Failed
107,haze,4,Agent collided against object with type=vehicle.tesla.model3 and id=201 at (x=192.458  y=-69.087  z=0.035),,,0.0,5.15000007674098,56.97735238075256,131.55983352661133,7.837426020757137,0.6,13.062376701261895,Failed
104,rain,3,,,,0.0,11.025000164285302,171.32304120063782,131.55983352661133,37.480835966237464,1.0,37.480835966237464,Failed
100,rain,2,,,,0.0,14.025000208988786,171.28784370422363,131.55983352661133,52.742374712457085,1.0,52.742374712457085,Failed
101,haze,4,Agent collided against object with type=vehicle.tesla.model3 and id=201 at (x=192.458  y=-69.087  z=0.035),,,0.0,5.15000007674098,57.16845345497131,131.55983352661133,7.837426020757137,0.6,13.062376701261895,Failed
101,shade,8,,,,0.0,16.025000238791108,171.9801173210144,131.55983352661133,43.58545141924238,1.0,43.58545141924238,Failed
104,shade,6,,,,0.0,16.25000024214387,172.11865735054016,131.55983352661133,45.111606044332696,1.0,45.111606044332696,Failed
105,haze,7,Agent collided against object with type=vehicle.tesla.model3 and id=201 at (x=192.484  y=-69.075  z=0.035),,,0.0,5.125000076368451,57.987197160720825,131.55983352661133,7.837426020757137,0.6,13.062376701261895,Failed
100,rain,9,,Agent collided against object with type=static.wall and id=0 at (x=182.657  y=-60.257  z=0.145),Agent went outside its route lanes for about 8.0 meters (30.63% of the completed route),30.63,8.175000121816993,122.82138419151306,131.55983352661133,8.986544606388204,0.4509039068078516,19.930065964626326,Failed
109,shade,4,,,,0.0,16.175000241026282,172.08496022224426,131.55983352661133,45.111606044332696,1.0,45.111606044332696,Failed
103,shade,5,,,,0.0,16.350000243633986,172.08005142211914,131.55983352661133,45.87468258366803,1.0,45.87468258366803,Failed
110,rain,9,,Agent collided against object with type=static.wall and id=0 at (x=182.647  y=-60.312  z=0.146),Agent went outside its route lanes for about 7.0 meters (27.87% of the completed route),27.87,8.125000121071935,119.62905693054199,131.55983352661133,8.986544606388202,0.4688553048662472,19.166989288842196,Failed
104,rain,7,,,Agent went outside its route lanes for about 26.0 meters (56.38% of the completed route),56.38,12.475000185891986,171.67359399795532,131.55983352661133,15.351606455716707,0.4362292420900862,35.191603346358036,Failed
109,rain,4,,,Agent went outside its route lanes for about 3.0 meters (7.3% of the completed route),7.3,10.100000150501728,171.00812101364136,131.55983352661133,29.086990622328944,0.9270393397622653,31.376220376783753,Failed
110,haze,1,Agent collided against object with type=vehicle.tesla.model3 and id=201 at (x=192.443  y=-69.005  z=0.035),,,0.0,5.250000078231096,57.38317799568176,131.55983352661133,7.837426020757137,0.6,13.062376701261895,Failed
106,rain,9,,Agent collided against object with type=static.wall and id=0 at (x=182.688  y=-60.415  z=0.147),Agent went outside its route lanes for about 7.0 meters (27.87% of the completed route),27.87,8.150000121444464,113.19751524925232,131.55983352661133,8.986544606388202,0.4688553048662472,19.166989288842196,Failed
105,shade,6,,,,0.0,16.2750002425164,172.00421404838562,131.55983352661133,45.111606044332696,1.0,45.111606044332696,Failed
108,rain,5,,,,0.0,13.000000193715096,171.61031222343445,131.55983352661133,46.63775925945217,1.0,46.63775925945217,Failed
106,shade,2,,,,0.0,15.97500023804605,172.0573763847351,131.55983352661133,44.34852809502651,1.0,44.34852809502651,Failed
106,rain,6,,Agent collided against object with type=static.wall and id=0 at (x=182.413  y=-57.587  z=0.148),Agent went outside its route lanes for about 11.0 meters (39.12% of the completed route),39.12,8.825000131502748,123.60711097717285,131.55983352661133,8.49054485582023,0.39571486657024535,21.456219043297004,Failed
103,rain,3,,,,0.0,10.700000159442425,170.97365880012512,131.55983352661133,35.95468275111799,1.0,35.95468275111799,Failed
103,shade,6,,,,0.0,16.22500024177134,171.9716305732727,131.55983352661133,45.111606044332696,1.0,45.111606044332696,Failed
110,haze,6,Agent collided against object with type=vehicle.tesla.model3 and id=201 at (x=192.485  y=-69.013  z=0.035),,,0.0,5.125000076368451,57.38617014884949,131.55983352661133,7.837426020757137,0.6,13.062376701261895,Failed
102,haze,2,Agent collided against object with type=vehicle.tesla.model3 and id=201 at (x=192.447  y=-69.005  z=0.035),,,0.0,5.250000078231096,57.20027780532837,131.55983352661133,7.837426020757137,0.6,13.062376701261895,Failed
109,shade,5,,,,0.0,16.150000240653753,172.0278160572052,131.55983352661133,45.111606044332696,1.0,45.111606044332696,Failed
110,shade,0,Agent collided against object with type=vehicle.tesla.model3 and id=201 at (x=191.82  y=-69.085  z=0.033),,,0.0,5.225000077858567,70.15675210952759,131.55983352661133,7.837426020757137,0.6,13.062376701261895,Failed
107,haze,0,Agent collided against object with type=vehicle.tesla.model3 and id=201 at (x=192.449  y=-69.008  z=0.035),,,0.0,5.325000079348683,76.36129689216614,131.55983352661133,7.837426020757137,0.6,13.062376701261895,Failed
107,rain,0,Agent collided against object with type=vehicle.tesla.model3 and id=201 at (x=192.404  y=-69.008  z=0.035),,,0.0,5.325000079348683,71.80038547515869,131.55983352661133,7.837426020757137,0.6,13.062376701261895,Failed
110,haze,4,Agent collided against object with type=vehicle.tesla.model3 and id=201 at (x=192.459  y=-69.086  z=0.035),,,0.0,5.15000007674098,56.62230730056763,131.55983352661133,7.837426020757137,0.6,13.062376701261895,Failed
103,rain,1,,,,0.0,14.050000209361315,171.27003717422485,131.55983352661133,37.480835966237464,1.0,37.480835966237464,Failed
106,haze,2,Agent collided against object with type=vehicle.tesla.model3 and id=201 at (x=192.449  y=-69.042  z=0.035),,,0.0,5.200000077486038,56.55943775177002,131.55983352661133,7.837426020757137,0.6,13.062376701261895,Failed
101,haze,7,Agent collided against object with type=vehicle.tesla.model3 and id=201 at (x=192.485  y=-69.073  z=0.035),,,0.0,5.125000076368451,56.68517184257507,131.55983352661133,7.837426020757137,0.6,13.062376701261895,Failed
110,shade,3,,,,0.0,16.25000024214387,172.02251935005188,131.55983352661133,45.111606044332696,1.0,45.111606044332696,Failed
103,rain,0,Agent collided against object with type=vehicle.tesla.model3 and id=201 at (x=192.405  y=-69.008  z=0.035),,,0.0,5.325000079348683,69.12784218788147,131.55983352661133,7.837426020757137,0.6,13.062376701261895,Failed
106,rain,5,,,,0.0,13.375000199303031,171.68973016738892,131.55983352661133,48.16391374809369,1.0,48.16391374809369,Failed
101,rain,5,,,,0.0,10.32500015385449,170.9353427886963,131.55983352661133,35.191603346358036,1.0,35.191603346358036,Failed
106,haze,3,Agent collided against object with type=vehicle.tesla.model3 and id=201 at (x=192.449  y=-68.997  z=0.035),,,0.0,5.200000077486038,57.295774936676025,131.55983352661133,7.837426020757137,0.6,13.062376701261895,Failed
107,haze,9,Agent collided against object with type=vehicle.tesla.model3 and id=201 at (x=192.45  y=-69.136  z=0.035),,,0.0,5.050000075250864,57.756006479263306,131.55983352661133,7.837426020757137,0.6,13.062376701261895,Failed
107,shade,2,,,,0.0,16.075000239536166,172.02512979507446,131.55983352661133,44.34852809502651,1.0,44.34852809502651,Failed
105,haze,6,Agent collided against object with type=vehicle.tesla.model3 and id=201 at (x=192.484  y=-69.014  z=0.035),,,0.0,5.125000076368451,57.0861713886261,131.55983352661133,7.837426020757137,0.6,13.062376701261895,Failed
100,rain,1,,,,0.0,13.950000207871199,171.37110495567322,131.55983352661133,36.71775942690212,1.0,36.71775942690212,Failed
100,haze,9,Agent collided against object with type=vehicle.tesla.model3 and id=201 at (x=192.447  y=-69.079  z=0.035),,,0.0,5.075000075623393,57.61252737045288,131.55983352661133,7.837426020757137,0.6,13.062376701261895,Failed
108,haze,4,Agent collided against object with type=vehicle.tesla.model3 and id=201 at (x=192.458  y=-69.087  z=0.035),,,0.0,5.15000007674098,54.7892484664917,131.55983352661133,7.837426020757137,0.6,13.062376701261895,Failed
101,rain,6,,Agent collided against object with type=static.wall and id=0 at (x=182.394  y=-57.255  z=0.148),Agent went outside its route lanes for about 12.0 meters (41.21% of the completed route),41.21,8.875000132247806,118.94290947914124,131.55983352661133,8.490544855820232,0.3821248415416181,22.219295719081135,Failed
108,haze,1,Agent collided against object with type=vehicle.tesla.model3 and id=201 at (x=192.442  y=-69.005  z=0.035),,,0.0,5.250000078231096,56.2939829826355,131.55983352661133,7.837426020757137,0.6,13.062376701261895,Failed
108,haze,7,Agent collided against object with type=vehicle.tesla.model3 and id=201 at (x=192.485  y=-69.073  z=0.035),,,0.0,5.125000076368451,58.63445520401001,131.55983352661133,7.837426020757137,0.6,13.062376701261895,Failed
104,haze,5,Agent collided against object with type=vehicle.tesla.model3 and id=201 at (x=192.479  y=-69.058  z=0.035),,,0.0,5.125000076368451,57.55558109283447,131.55983352661133,7.837426020757137,0.6,13.062376701261895,Failed
100,rain,8,,Agent collided against object with type=static.wall and id=0 at (x=182.484  y=-55.129  z=0.148),Agent went outside its route lanes for about 10.0 meters (32.14% of the completed route),32.14,9.225000137463212,130.37763357162476,131.55983352661133,10.47454394678383,0.4411179605826421,23.745448797751813,Failed
110,rain,3,,,,0.0,10.125000150874257,171.30906867980957,131.55983352661133,32.90237359190322,1.0,32.90237359190322,Failed
107,haze,1,Agent collided against object with type=vehicle.tesla.model3 and id=201 at (x=192.443  y=-69.005  z=0.035),,,0.0,5.250000078231096,57.017977714538574,131.55983352661133,7.837426020757137,0.6,13.062376701261895,Failed
102,rain,8,,Agent collided against object with type=static.wall and id=0 at (x=182.537  y=-57.179  z=0.148),Agent went outside its route lanes for about 9.0 meters (30.91% of the completed route),30.91,8.950000133365393,130.44176387786865,131.55983352661133,9.978544196215859,0.4490936311562136,22.219295719081135,Failed
101,rain,2,,,,0.0,12.550000187009573,171.2958378791809,131.55983352661133,47.40083720875835,1.0,47.40083720875835,Failed
108,haze,2,Agent collided against object with type=vehicle.tesla.model3 and id=201 at (x=192.447  y=-69.005  z=0.035),,,0.0,5.250000078231096,56.91563391685486,131.55983352661133,7.837426020757137,0.6,13.062376701261895,Failed
108,rain,2,,,,0.0,13.800000205636024,171.5004334449768,131.55983352661133,51.97929817312175,1.0,51.97929817312175,Failed
109,haze,9,Agent collided against object with type=vehicle.tesla.model3 and id=201 at (x=192.447  y=-69.134  z=0.035),,,0.0,5.050000075250864,57.32737445831299,131.55983352661133,7.837426020757137,0.6,13.062376701261895,Failed
101,haze,5,Agent collided against object with type=vehicle.tesla.model3 and id=201 at (x=192.478  y=-69.054  z=0.035),,,0.0,5.125000076368451,56.83102822303772,131.55983352661133,7.837426020757137,0.6,13.062376701261895,Failed
107,haze,5,Agent collided against object with type=vehicle.tesla.model3 and id=201 at (x=192.48  y=-69.088  z=0.035),,,0.0,5.100000075995922,57.093629598617554,131.55983352661133,7.837426020757137,0.6,13.062376701261895,Failed
103,haze,0,Agent collided against object with type=vehicle.tesla.model3 and id=201 at (x=192.45  y=-69.008  z=0.035),,,0.0,5.325000079348683,75.8718752861023,131.55983352661133,7.837426020757137,0.6,13.062376701261895,Failed
102,haze,8,Agent collided against object with type=vehicle.tesla.model3 and id=201 at (x=192.397  y=-69.041  z=0.035),,,0.0,5.075000075623393,58.4535927772522,131.55983352661133,7.837426020757137,0.6,13.062376701261895,Failed
105,rain,9,,Agent collided against object with type=static.wall and id=0 at (x=182.636  y=-60.09  z=0.147),Agent went outside its route lanes for about 8.0 meters (30.63% of the completed route),30.63,8.200000122189522,120.37714910507202,131.55983352661133,8.986544606388204,0.4509039068078516,19.930065964626326,Failed
107,haze,2,Agent collided against object with type=vehicle.tesla.model3 and id=201 at (x=192.448  y=-69.005  z=0.035),,,0.0,5.250000078231096,57.31518769264221,131.55983352661133,7.837426020757137,0.6,13.062376701261895,Failed
110,shade,4,,,,0.0,16.50000024586916,172.20940566062927,131.55983352661133,46.63775925945217,1.0,46.63775925945217,Failed
109,shade,1,,,,0.0,14.325000213459134,171.74742245674133,131.55983352661133,38.2439125055728,1.0,38.2439125055728,Failed
103,haze,7,Agent collided against object with type=vehicle.tesla.model3 and id=201 at (x=192.484  y=-69.075  z=0.035),,,0.0,5.125000076368451,57.42795753479004,131.55983352661133,7.837426020757137,0.6,13.062376701261895,Failed
103,haze,1,Agent collided against object with type=vehicle.tesla.model3 and id=201 at (x=192.442  y=-69.005  z=0.035),,,0.0,5.250000078231096,55.683414697647095,131.55983352661133,7.837426020757137,0.6,13.062376701261895,Failed
107,rain,8,,Agent collided against object with type=static.wall and id=0 at (x=182.498  y=-55.497  z=0.148),Agent went outside its route lanes for about 9.0 meters (29.88% of the completed route),29.88,9.250000137835741,131.2569456100464,131.55983352661133,10.47454394678383,0.4557642626708347,22.982372258416476,Failed
101,shade,4,,,,0.0,16.375000244006515,172.1499798297882,131.55983352661133,45.87468258366803,1.0,45.87468258366803,Failed
106,haze,9,Agent collided against object with type=vehicle.tesla.model3 and id=201 at (x=192.456  y=-69.137  z=0.035),,,0.0,5.050000075250864,57.93025231361389,131.55983352661133,7.837426020757137,0.6,13.062376701261895,Failed
110,rain,5,,,,0.0,13.425000200048089,171.5528872013092,131.55983352661133,48.16391374809369,1.0,48.16391374809369,Failed
106,shade,9,,,,0.0,16.175000241026282,172.0340347290039,131.55983352661133,45.111606044332696,1.0,45.111606044332696,Failed
104,shade,2,,,,0.0,16.100000239908695,172.13510656356812,131.55983352661133,44.34852809502651,1.0,44.34852809502651,Failed
102,rain,7,,Agent collided against object with type=static.wall and id=0 at (x=182.406  y=-54.934  z=0.148),Agent went outside its route lanes for about 12.0 meters (38.56% of the completed route),38.56,9.150000136345625,131.14903712272644,131.55983352661133,9.48254444564789,0.3993415549402327,23.745448797751813,Failed
108,rain,1,,,,0.0,14.250000212341547,171.4147891998291,131.55983352661133,38.2439125055728,1.0,38.2439125055728,Failed
109,shade,8,,,,0.0,16.375000244006515,172.0026776790619,131.55983352661133,45.111606044332696,1.0,45.111606044332696,Failed
102,shade,1,,,,0.0,14.325000213459134,171.8232491016388,131.55983352661133,38.2439125055728,1.0,38.2439125055728,Failed
108,shade,5,,,,0.0,16.125000240281224,172.2611985206604,131.55983352661133,44.34852809502651,1.0,44.34852809502651,Failed
100,haze,2,Agent collided against object with type=vehicle.tesla.model3 and id=201 at (x=192.448  y=-69.005  z=0.035),,,0.0,5.250000078231096,58.369418144226074,131.55983352661133,7.837426020757137,0.6,13.062376701261895,Failed
108,shade,4,,,,0.0,16.125000240281224,171.88909339904785,131.55983352661133,44.34852809502651,1.0,44.34852809502651,Failed
109,shade,0,Agent collided against object with type=vehicle.tesla.model3 and id=201 at (x=191.82  y=-69.085  z=0.033),,,0.0,5.225000077858567,75.77873635292053,131.55983352661133,7.837426020757137,0.6,13.062376701261895,Failed
105,shade,4,,,,0.0,16.575000246986747,172.13301587104797,131.55983352661133,46.63775925945217,1.0,46.63775925945217,Failed
104,shade,3,,,,0.0,16.300000242888927,172.03894972801208,131.55983352661133,45.87468258366803,1.0,45.87468258366803,Failed
110,shade,6,,,,0.0,16.375000244006515,172.22274589538574,131.55983352661133,45.87468258366803,1.0,45.87468258366803,Failed
103,haze,4,Agent collided against object with type=vehicle.tesla.model3 and id=201 at (x=192.457  y=-69.087  z=0.035),,,0.0,5.15000007674098,56.73491382598877,131.55983352661133,7.837426020757137,0.6,13.062376701261895,Failed
110,shade,8,,,,0.0,16.175000241026282,171.98518872261047,131.55983352661133,44.34852809502651,1.0,44.34852809502651,Failed
105,shade,2,,,,0.0,16.300000242888927,172.10716128349304,131.55983352661133,45.111606044332696,1.0,45.111606044332696,Failed
108,shade,0,Agent collided against object with type=vehicle.tesla.model3 and id=201 at (x=191.82  y=-69.085  z=0.033),,,0.0,5.225000077858567,74.44432401657104,131.55983352661133,7.837426020757137,0.6,13.062376701261895,Failed
100,shade,0,Agent collided against object with type=vehicle.tesla.model3 and id=201 at (x=191.82  y=-69.085  z=0.033),,,0.0,5.225000077858567,77.51949882507324,131.55983352661133,7.837426020757137,0.6,13.062376701261895,Failed
101,rain,0,Agent collided against object with type=vehicle.tesla.model3 and id=201 at (x=192.404  y=-69.008  z=0.035),,,0.0,5.325000079348683,68.350830078125,131.55983352661133,7.837426020757137,0.6,13.062376701261895,Failed
110,shade,9,,,,0.0,16.175000241026282,171.98783779144287,131.55983352661133,45.111606044332696,1.0,45.111606044332696,Failed
108,rain,4,,,Agent went outside its route lanes for about 3.0 meters (7.3% of the completed route),7.3,10.175000151619315,170.97462439537048,131.55983352661133,29.086990622328944,0.9270393397622653,31.376220376783753,Failed
102,rain,2,,,,0.0,13.875000206753612,171.46072125434875,131.55983352661133,51.97929817312175,1.0,51.97929817312175,Failed
102,rain,0,Agent collided against object with type=vehicle.tesla.model3 and id=201 at (x=192.403  y=-69.008  z=0.035),,,0.0,5.325000079348683,69.6843204498291,131.55983352661133,7.837426020757137,0.6,13.062376701261895,Failed
106,haze,8,Agent collided against object with type=vehicle.tesla.model3 and id=201 at (x=192.399  y=-69.034  z=0.035),,,0.0,5.075000075623393,56.94741082191467,131.55983352661133,7.837426020757137,0.6,13.062376701261895,Failed
105,shade,3,,,,0.0,16.175000241026282,172.0756962299347,131.55983352661133,45.111606044332696,1.0,45.111606044332696,Failed
108,haze,6,Agent collided against object with type=vehicle.tesla.model3 and id=201 at (x=192.487  y=-69.012  z=0.035),,,0.0,5.125000076368451,57.45446968078613,131.55983352661133,7.837426020757137,0.6,13.062376701261895,Failed
109,shade,6,,,,0.0,16.22500024177134,172.06855964660645,131.55983352661133,45.111606044332696,1.0,45.111606044332696,Failed
102,shade,3,,,,0.0,16.075000239536166,172.0278284549713,131.55983352661133,44.34852809502651,1.0,44.34852809502651,Failed
100,shade,7,,,,0.0,16.2750002425164,172.1755383014679,131.55983352661133,44.34852809502651,1.0,44.34852809502651,Failed
100,haze,3,Agent collided against object with type=vehicle.tesla.model3 and id=201 at (x=192.45  y=-68.999  z=0.035),,,0.0,5.200000077486038,56.337743520736694,131.55983352661133,7.837426020757137,0.6,13.062376701261895,Failed
109,haze,3,Agent collided against object with type=vehicle.tesla.model3 and id=201 at (x=192.449  y=-68.999  z=0.035),,,0.0,5.200000077486038,56.51541328430176,131.55983352661133,7.837426020757137,0.6,13.062376701261895,Failed
103,rain,4,,,Agent went outside its route lanes for about 3.0 meters (6.96% of the completed route),6.96,10.350000154227018,171.09923100471497,131.55983352661133,30.613143837448412,0.9304235681337545,32.90237359190322,Failed
110,haze,0,Agent collided against object with type=vehicle.tesla.model3 and id=201 at (x=192.452  y=-69.008  z=0.035),,,0.0,5.325000079348683,75.5206527709961,131.55983352661133,7.837426020757137,0.6,13.062376701261895,Failed
101,haze,1,Agent collided against object with type=vehicle.tesla.model3 and id=201 at (x=192.441  y=-69.031  z=0.035),,,0.0,5.275000078603625,56.08439898490906,131.55983352661133,7.837426020757137,0.6,13.062376701261895,Failed
101,shade,7,,,,0.0,16.025000238791108,172.01138377189636,131.55983352661133,43.58545141924238,1.0,43.58545141924238,Failed
109,rain,1,,,,0.0,14.275000212714076,171.2998867034912,131.55983352661133,38.2439125055728,1.0,38.2439125055728,Failed
102,shade,9,,,,0.0,15.70000023394823,172.40221047401428,131.55983352661133,43.58545141924238,1.0,43.58545141924238,Failed
100,haze,5,Agent collided against object with type=vehicle.tesla.model3 and id=201 at (x=192.478  y=-69.058  z=0.035),,,0.0,5.125000076368451,58.1438512802124,131.55983352661133,7.837426020757137,0.6,13.062376701261895,Failed
104,rain,2,,,,0.0,13.775000205263495,171.34750533103943,131.55983352661133,51.97929817312175,1.0,51.97929817312175,Failed
109,rain,9,,Agent collided against object with type=static.wall and id=0 at (x=182.583  y=-59.111  z=0.148),Agent went outside its route lanes for about 8.0 meters (29.5% of the completed route),29.5,8.300000123679638,122.9696774482727,131.55983352661133,9.482544445647887,0.4582457422226939,20.693142503961663,Failed
105,rain,1,,,,0.0,14.000000208616257,171.3367052078247,131.55983352661133,36.71775942690212,1.0,36.71775942690212,Failed
103,rain,2,,,,0.0,13.750000204890966,171.37446928024292,131.55983352661133,51.21622004188384,1.0,51.21622004188384,Failed
104,haze,0,Agent collided against object with type=vehicle.tesla.model3 and id=201 at (x=192.45  y=-69.008  z=0.035),,,0.0,5.325000079348683,76.04497647285461,131.55983352661133,7.837426020757137,0.6,13.062376701261895,Failed
101,rain,7,,Agent collided against object with type=static.wall and id=0 at (x=182.395  y=-54.998  z=0.15),Agent went outside its route lanes for about 12.0 meters (38.56% of the completed route),38.56,9.050000134855509,130.6018283367157,131.55983352661133,9.48254444564789,0.3993415549402327,23.745448797751813,Failed
109,haze,0,Agent collided against object with type=vehicle.tesla.model3 and id=201 at (x=192.452  y=-69.008  z=0.035),,,0.0,5.325000079348683,76.41188621520996,131.55983352661133,7.837426020757137,0.6,13.062376701261895,Failed
103,haze,6,Agent collided against object with type=vehicle.tesla.model3 and id=201 at (x=192.484  y=-69.014  z=0.035),,,0.0,5.125000076368451,55.60762310028076,131.55983352661133,7.837426020757137,0.6,13.062376701261895,Failed
107,haze,3,Agent collided against object with type=vehicle.tesla.model3 and id=201 at (x=192.45  y=-68.997  z=0.035),,,0.0,5.200000077486038,57.01682186126709,131.55983352661133,7.837426020757137,0.6,13.062376701261895,Failed
107,rain,6,,Agent collided against object with type=static.wall and id=0 at (x=182.399  y=-57.319  z=0.148),Agent went outside its route lanes for about 11.0 meters (39.12% of the completed route),39.12,8.800000131130219,120.99863505363464,131.55983352661133,8.49054485582023,0.39571486657024535,21.456219043297004,Failed
105,rain,2,,,,0.0,14.000000208616257,171.33439779281616,131.55983352661133,52.742374712457085,1.0,52.742374712457085,Failed
102,shade,7,,,,0.0,16.20000024139881,171.95204710960388,131.55983352661133,44.34852809502651,1.0,44.34852809502651,Failed
100,rain,5,,,,0.0,9.80000014603138,171.16845440864563,131.55983352661133,31.376220376783753,1.0,31.376220376783753,Failed
103,haze,8,Agent collided against object with type=vehicle.tesla.model3 and id=201 at (x=192.401  y=-69.105  z=0.035),,,0.0,5.075000075623393,56.77658462524414,131.55983352661133,7.837426020757137,0.6,13.062376701261895,Failed
110,haze,2,Agent collided against object with type=vehicle.tesla.model3 and id=201 at (x=192.448  y=-69.005  z=0.035),,,0.0,5.250000078231096,58.72230935096741,131.55983352661133,7.837426020757137,0.6,13.062376701261895,Failed
109,haze,2,Agent collided against object with type=vehicle.tesla.model3 and id=201 at (x=192.448  y=-69.005  z=0.035),,,0.0,5.250000078231096,57.37948131561279,131.55983352661133,7.837426020757137,0.6,13.062376701261895,Failed
101,rain,9,,Agent collided against object with type=static.wall and id=0 at (x=182.552  y=-58.11  z=0.148),Agent went outside its route lanes for about 9.0 meters (32.01% of the completed route),32.01,8.550000127404928,126.3975658416748,131.55983352661133,9.482544445647886,0.4419485290727522,21.456219043297004,Failed
107,rain,9,,Agent collided against object with type=static.wall and id=0 at (x=182.641  y=-60.402  z=0.147),Agent went outside its route lanes for about 7.0 meters (27.87% of the completed route),27.87,8.150000121444464,120.07409763336182,131.55983352661133,8.986544606388202,0.4688553048662472,19.166989288842196,Failed
108,rain,3,,,,0.0,7.900000117719173,171.1901605129242,131.55983352661133,23.745448797751813,1.0,23.745448797751813,Failed
107,haze,8,Agent collided against object with type=vehicle.tesla.model3 and id=201 at (x=192.401  y=-69.094  z=0.035),,,0.0,5.075000075623393,58.384459495544434,131.55983352661133,7.837426020757137,0.6,13.062376701261895,Failed
102,shade,0,Agent collided against object with type=vehicle.tesla.model3 and id=201 at (x=191.82  y=-69.085  z=0.033),,,0.0,5.225000077858567,67.2468810081482,131.55983352661133,7.837426020757137,0.6,13.062376701261895,Failed
103,haze,5,Agent collided against object with type=vehicle.tesla.model3 and id=201 at (x=192.479  y=-69.096  z=0.035),,,0.0,5.100000075995922,55.38257622718811,131.55983352661133,7.837426020757137,0.6,13.062376701261895,Failed
104,shade,8,,,,0.0,16.150000240653753,172.00421833992004,131.55983352661133,44.34852809502651,1.0,44.34852809502651,Failed
108,rain,8,,Agent collided against object with type=static.wall and id=0 at (x=182.532  y=-57.124  z=0.148),Agent went outside its route lanes for about 9.0 meters (30.91% of the completed route),30.91,8.950000133365393,129.71350288391113,131.55983352661133,9.978544196215859,0.4490936311562136,22.219295719081135,Failed
110,shade,5,,,,0.0,16.52500024624169,172.14161849021912,131.55983352661133,46.63775925945217,1.0,46.63775925945217,Failed
104,rain,1,,,,0.0,14.150000210851431,171.4139997959137,131.55983352661133,37.480835966237464,1.0,37.480835966237464,Failed
100,rain,4,,,Agent went outside its route lanes for about 3.0 meters (7.12% of the completed route),7.12,10.275000153109431,171.30975246429443,131.55983352661133,29.850067298113075,0.9287716296124808,32.13929705256788,Failed
107,shade,6,,,,0.0,16.400000244379044,172.0712115764618,131.55983352661133,45.87468258366803,1.0,45.87468258366803,Failed
109,haze,7,Agent collided against object with type=vehicle.tesla.model3 and id=201 at (x=192.485  y=-69.074  z=0.035),,,0.0,5.125000076368451,57.20087194442749,131.55983352661133,7.837426020757137,0.6,13.062376701261895,Failed
100,shade,1,,,,0.0,13.750000204890966,171.45450830459595,131.55983352661133,35.191603346358036,1.0,35.191603346358036,Failed
108,rain,9,,Agent collided against object with type=static.wall and id=0 at (x=182.655  y=-60.838  z=0.147),Agent went outside its route lanes for about 7.0 meters (27.87% of the completed route),27.87,8.00000011920929,115.68381810188293,131.55983352661133,8.986544606388202,0.4688553048662472,19.166989288842196,Failed
109,rain,7,,Agent collided against object with type=static.wall and id=0 at (x=182.433  y=-55.698  z=0.149),Agent went outside its route lanes for about 11.0 meters (36.52% of the completed route),36.52,9.00000013411045,129.69276213645935,131.55983352661133,9.482544445647887,0.4126007680593218,22.982372258416476,Failed
103,haze,3,Agent collided against object with type=vehicle.tesla.model3 and id=201 at (x=192.45  y=-68.997  z=0.035),,,0.0,5.200000077486038,55.718348264694214,131.55983352661133,7.837426020757137,0.6,13.062376701261895,Failed
100,shade,2,,,,0.0,16.125000240281224,172.03938961029053,131.55983352661133,44.34852809502651,1.0,44.34852809502651,Failed
101,shade,3,,,,0.0,16.175000241026282,172.066335439682,131.55983352661133,45.111606044332696,1.0,45.111606044332696,Failed
101,haze,0,Agent collided against object with type=vehicle.tesla.model3 and id=201 at (x=192.452  y=-69.008  z=0.035),,,0.0,5.325000079348683,78.03983950614929,131.55983352661133,7.837426020757137,0.6,13.062376701261895,Failed
102,rain,3,,,,0.0,12.650000188499689,171.7675859928131,131.55983352661133,44.34852809502651,1.0,44.34852809502651,Failed
102,shade,5,,,,0.0,16.25000024214387,171.9903702735901,131.55983352661133,45.111606044332696,1.0,45.111606044332696,Failed
105,rain,6,,Agent collided against object with type=static.wall and id=0 at (x=182.39  y=-57.468  z=0.148),Agent went outside its route lanes for about 11.0 meters (39.12% of the completed route),39.12,8.800000131130219,121.5909035205841,131.55983352661133,8.49054485582023,0.39571486657024535,21.456219043297004,Failed
110,shade,2,,,,0.0,15.950000237673521,172.17198872566223,131.55983352661133,44.34852809502651,1.0,44.34852809502651,Failed
105,shade,0,Agent collided against object with type=vehicle.tesla.model3 and id=201 at (x=191.82  y=-69.085  z=0.033),,,0.0,5.225000077858567,76.67584681510925,131.55983352661133,7.837426020757137,0.6,13.062376701261895,Failed
110,rain,2,,,,0.0,13.750000204890966,171.23883748054504,131.55983352661133,51.21622004188384,1.0,51.21622004188384,Failed
102,shade,8,,,,0.0,16.20000024139881,172.09605979919434,131.55983352661133,44.34852809502651,1.0,44.34852809502651,Failed
104,shade,9,,,,0.0,16.22500024177134,172.0079185962677,131.55983352661133,45.111606044332696,1.0,45.111606044332696,Failed
101,shade,9,,,,0.0,16.375000244006515,172.07900547981262,131.55983352661133,45.111606044332696,1.0,45.111606044332696,Failed
106,haze,1,Agent collided against object with type=vehicle.tesla.model3 and id=201 at (x=192.442  y=-69.031  z=0.035),,,0.0,5.275000078603625,57.01543998718262,131.55983352661133,7.837426020757137,0.6,13.062376701261895,Failed
107,shade,1,,,,0.0,14.125000210478902,171.78941178321838,131.55983352661133,37.480835966237464,1.0,37.480835966237464,Failed
101,shade,2,,,,0.0,16.150000240653753,172.04030346870422,131.55983352661133,45.111606044332696,1.0,45.111606044332696,Failed
105,haze,8,Agent collided against object with type=vehicle.tesla.model3 and id=201 at (x=192.402  y=-69.069  z=0.035),,,0.0,5.075000075623393,57.97263979911804,131.55983352661133,7.837426020757137,0.6,13.062376701261895,Failed
100,haze,4,Agent collided against object with type=vehicle.tesla.model3 and id=201 at (x=192.458  y=-69.086  z=0.035),,,0.0,5.15000007674098,55.93498706817627,131.55983352661133,7.837426020757137,0.6,13.062376701261895,Failed
106,shade,7,,,,0.0,16.025000238791108,172.127032995224,131.55983352661133,43.58545141924238,1.0,43.58545141924238,Failed
110,rain,7,,,Agent went outside its route lanes for about 26.0 meters (51.88% of the completed route),51.88,13.050000194460154,171.5886266231537,131.55983352661133,18.403915614931474,0.4812247076511773,38.2439125055728,Failed
101,haze,6,Agent collided against object with type=vehicle.tesla.model3 and id=201 at (x=192.483  y=-69.013  z=0.035),,,0.0,5.125000076368451,58.07390236854553,131.55983352661133,7.837426020757137,0.6,13.062376701261895,Failed
104,rain,4,,,Agent went outside its route lanes for about 3.0 meters (7.48% of the completed route),7.48,10.025000149384141,170.7904086112976,131.55983352661133,28.3239140829936,0.9252206906088997,30.613143837448412,Failed
102,shade,2,,,,0.0,16.425000244751573,172.11169862747192,131.55983352661133,45.87468258366803,1.0,45.87468258366803,Failed
107,shade,8,,,,0.0,16.100000239908695,171.90432047843933,131.55983352661133,43.58545141924238,1.0,43.58545141924238,Failed
106,rain,4,,,Agent went outside its route lanes for about 2.0 meters (4.75% of the completed route),4.75,10.225000152364373,170.95843410491943,131.55983352661133,30.613143837448415,0.9525144183264727,32.13929705256788,Failed
101,haze,8,Agent collided against object with type=vehicle.tesla.model3 and id=201 at (x=192.398  y=-69.034  z=0.035),,,0.0,5.075000075623393,56.03318476676941,131.55983352661133,7.837426020757137,0.6,13.062376701261895,Failed
103,shade,4,,,,0.0,16.425000244751573,172.19056153297424,131.55983352661133,45.87468258366803,1.0,45.87468258366803,Failed
102,rain,9,,Agent collided against object with type=static.wall and id=0 at (x=182.629  y=-60.06  z=0.147),Agent went outside its route lanes for about 8.0 meters (30.63% of the completed route),30.63,8.150000121444464,123.48575234413147,131.55983352661133,8.986544606388204,0.4509039068078516,19.930065964626326,Failed
103,shade,8,,,,0.0,16.4500002451241,171.9297649860382,131.55983352661133,45.111606044332696,1.0,45.111606044332696,Failed
104,shade,5,,,,0.0,16.125000240281224,172.16264653205872,131.55983352661133,44.34852809502651,1.0,44.34852809502651,Failed
100,shade,4,,,,0.0,16.2750002425164,172.13800501823425,131.55983352661133,45.111606044332696,1.0,45.111606044332696,Failed
106,shade,4,,,,0.0,16.20000024139881,172.00370264053345,131.55983352661133,45.111606044332696,1.0,45.111606044332696,Failed
101,rain,8,,Agent collided against object with type=static.wall and id=0 at (x=182.501  y=-56.248  z=0.148),Agent went outside its route lanes for about 10.0 meters (33.2% of the completed route),33.2,9.050000134855509,130.3405373096466,131.55983352661133,9.978544196215857,0.4341825153650782,22.982372258416476,Failed
109,haze,6,Agent collided against object with type=vehicle.tesla.model3 and id=201 at (x=192.485  y=-69.013  z=0.035),,,0.0,5.125000076368451,57.38274335861206,131.55983352661133,7.837426020757137,0.6,13.062376701261895,Failed
106,shade,8,,,,0.0,16.350000243633986,172.09889841079712,131.55983352661133,45.111606044332696,1.0,45.111606044332696,Failed
101,shade,5,,,,0.0,16.2750002425164,172.1808726787567,131.55983352661133,45.111606044332696,1.0,45.111606044332696,Failed
103,shade,9,,,,0.0,16.00000023841858,171.9753122329712,131.55983352661133,44.34852809502651,1.0,44.34852809502651,Failed
106,rain,7,,,Agent went outside its route lanes for about 26.0 meters (55.18% of the completed route),55.18,12.425000185146928,171.76071500778198,131.55983352661133,16.114685860476662,0.44819435543414954,35.95468275111799,Failed
109,shade,2,,,,0.0,16.25000024214387,172.26257038116455,131.55983352661133,45.111606044332696,1.0,45.111606044332696,Failed
102,haze,3,Agent collided against object with type=vehicle.tesla.model3 and id=201 at (x=192.45  y=-68.998  z=0.035),,,0.0,5.200000077486038,55.819169998168945,131.55983352661133,7.837426020757137,0.6,13.062376701261895,Failed
103,shade,1,,,,0.0,14.275000212714076,171.76914930343628,131.55983352661133,38.2439125055728,1.0,38.2439125055728,Failed
102,rain,6,,Agent collided against object with type=static.wall and id=0 at (x=182.388  y=-57.408  z=0.148),Agent went outside its route lanes for about 11.0 meters (39.12% of the completed route),39.12,8.850000131875277,120.54070687294006,131.55983352661133,8.49054485582023,0.39571486657024535,21.456219043297004,Failed
101,shade,6,,,,0.0,16.175000241026282,172.05803656578064,131.55983352661133,45.111606044332696,1.0,45.111606044332696,Failed
104,haze,8,Agent collided against object with type=vehicle.tesla.model3 and id=201 at (x=192.4  y=-69.108  z=0.035),,,0.0,5.075000075623393,57.00578045845032,131.55983352661133,7.837426020757137,0.6,13.062376701261895,Failed
107,shade,4,,,,0.0,16.025000238791108,172.15315890312195,131.55983352661133,44.34852809502651,1.0,44.34852809502651,Failed
108,haze,3,Agent collided against object with type=vehicle.tesla.model3 and id=201 at (x=192.45  y=-68.998  z=0.035),,,0.0,5.200000077486038,57.81895184516907,131.55983352661133,7.837426020757137,0.6,13.062376701261895,Failed
103,rain,5,,,,0.0,13.525000201538205,171.63320326805115,131.55983352661133,48.16391374809369,1.0,48.16391374809369,Failed
104,shade,0,Agent collided against object with type=vehicle.tesla.model3 and id=201 at (x=191.82  y=-69.085  z=0.033),,,0.0,5.225000077858567,77.7422239780426,131.55983352661133,7.837426020757137,0.6,13.062376701261895,Failed
106,shade,6,,,,0.0,16.025000238791108,172.00874733924866,131.55983352661133,44.34852809502651,1.0,44.34852809502651,Failed
106,shade,0,Agent collided against object with type=vehicle.tesla.model3 and id=201 at (x=191.82  y=-69.085  z=0.033),,,0.0,5.225000077858567,77.24085593223572,131.55983352661133,7.837426020757137,0.6,13.062376701261895,Failed
104,haze,3,Agent collided against object with type=vehicle.tesla.model3 and id=201 at (x=192.45  y=-68.998  z=0.035),,,0.0,5.200000077486038,56.49980592727661,131.55983352661133,7.837426020757137,0.6,13.062376701261895,Failed
104,rain,5,,,,0.0,13.075000194832683,171.68934297561646,131.55983352661133,47.40083720875835,1.0,47.40083720875835,Failed
106,haze,5,Agent collided against object with type=vehicle.tesla.model3 and id=201 at (x=192.481  y=-69.085  z=0.035),,,0.0,5.100000075995922,57.18952226638794,131.55983352661133,7.837426020757137,0.6,13.062376701261895,Failed
110,haze,3,Agent collided against object with type=vehicle.tesla.model3 and id=201 at (x=192.45  y=-68.996  z=0.035),,,0.0,5.200000077486038,56.12716865539551,131.55983352661133,7.837426020757137,0.6,13.062376701261895,Failed
105,haze,0,Agent collided against object with type=vehicle.tesla.model3 and id=201 at (x=192.452  y=-69.008  z=0.035),,,0.0,5.325000079348683,75.66761136054993,131.55983352661133,7.837426020757137,0.6,13.062376701261895,Failed
109,shade,9,,,,0.0,16.2750002425164,171.9286549091339,131.55983352661133,45.111606044332696,1.0,45.111606044332696,Failed
106,haze,6,Agent collided against object with type=vehicle.tesla.model3 and id=201 at (x=192.483  y=-69.012  z=0.035),,,0.0,5.125000076368451,57.715139389038086,131.55983352661133,7.837426020757137,0.6,13.062376701261895,Failed
105,shade,7,,,,0.0,16.20000024139881,171.99971723556519,131.55983352661133,44.34852809502651,1.0,44.34852809502651,Failed
104,haze,9,Agent collided against object with type=vehicle.tesla.model3 and id=201 at (x=192.442  y=-69.139  z=0.035),,,0.0,5.050000075250864,56.08860397338867,131.55983352661133,7.837426020757137,0.6,13.062376701261895,Failed
100,shade,3,,,,0.0,16.075000239536166,172.1168773174286,131.55983352661133,44.34852809502651,1.0,44.34852809502651,Failed
108,haze,0,Agent collided against object with type=vehicle.tesla.model3 and id=201 at (x=192.45  y=-69.008  z=0.035),,,0.0,5.325000079348683,81.4363305568695,131.55983352661133,7.837426020757137,0.6,13.062376701261895,Failed
107,rain,4,,,Agent went outside its route lanes for about 4.0 meters (9.73% of the completed route),9.73,10.175000151619315,171.2448935508728,131.55983352661133,28.323908306661433,0.9027189370335753,31.376220376783753,Failed
101,shade,0,Agent collided against object with type=vehicle.tesla.model3 and id=201 at (x=191.82  y=-69.085  z=0.033),,,0.0,5.225000077858567,75.3096399307251,131.55983352661133,7.837426020757137,0.6,13.062376701261895,Failed
102,rain,5,,,,0.0,13.450000200420618,171.6697714328766,131.55983352661133,48.16391374809369,1.0,48.16391374809369,Failed
103,rain,6,,Agent collided against object with type=static.wall and id=0 at (x=182.387  y=-57.126  z=0.149),Agent went outside its route lanes for about 12.0 meters (41.21% of the completed route),41.21,8.850000131875277,124.18174958229065,131.55983352661133,8.490544855820232,0.3821248415416181,22.219295719081135,Failed
110,shade,1,,,,0.0,14.225000211969018,172.00192427635193,131.55983352661133,37.480835966237464,1.0,37.480835966237464,Failed
107,shade,0,Agent collided against object with type=vehicle.tesla.model3 and id=201 at (x=191.82  y=-69.085  z=0.033),,,0.0,5.225000077858567,77.16745138168335,131.55983352661133,7.837426020757137,0.6,13.062376701261895,Failed
110,rain,8,,Agent collided against object with type=static.wall and id=0 at (x=182.505  y=-56.155  z=0.148),Agent went outside its route lanes for about 9.0 meters (29.88% of the completed route),29.88,9.150000136345625,136.04359889030457,131.55983352661133,10.47454394678383,0.4557642626708347,22.982372258416476,Failed
109,shade,3,,,,0.0,16.20000024139881,172.23468375205994,131.55983352661133,45.111606044332696,1.0,45.111606044332696,Failed
105,haze,3,Agent collided against object with type=vehicle.tesla.model3 and id=201 at (x=192.449  y=-68.998  z=0.035),,,0.0,5.200000077486038,54.958845376968384,131.55983352661133,7.837426020757137,0.6,13.062376701261895,Failed
102,haze,7,Agent collided against object with type=vehicle.tesla.model3 and id=201 at (x=192.483  y=-69.072  z=0.035),,,0.0,5.125000076368451,57.41048860549927,131.55983352661133,7.837426020757137,0.6,13.062376701261895,Failed
103,shade,7,,,,0.0,16.22500024177134,172.38719725608826,131.55983352661133,44.34852809502651,1.0,44.34852809502651,Failed
104,haze,4,Agent collided against object with type=vehicle.tesla.model3 and id=201 at (x=192.457  y=-69.087  z=0.035),,,0.0,5.15000007674098,57.050018310546875,131.55983352661133,7.837426020757137,0.6,13.062376701261895,Failed
100,shade,9,,,,0.0,12.275000182911754,172.28700494766235,131.55983352661133,30.613143837448412,1.0,30.613143837448412,Failed
109,haze,1,Agent collided against object with type=vehicle.tesla.model3 and id=201 at (x=192.442  y=-69.005  z=0.035),,,0.0,5.250000078231096,56.1767418384552,131.55983352661133,7.837426020757137,0.6,13.062376701261895,Failed
108,haze,8,Agent collided against object with type=vehicle.tesla.model3 and id=201 at (x=192.4  y=-69.065  z=0.035),,,0.0,5.075000075623393,57.717015504837036,131.55983352661133,7.837426020757137,0.6,13.062376701261895,Failed
105,shade,1,,,,0.0,14.375000214204192,171.85243916511536,131.55983352661133,38.2439125055728,1.0,38.2439125055728,Failed
100,haze,1,Agent collided against object with type=vehicle.tesla.model3 and id=201 at (x=192.442  y=-69.005  z=0.035),,,0.0,5.250000078231096,57.16366362571716,131.55983352661133,7.837426020757137,0.6,13.062376701261895,Failed
105,haze,9,Agent collided against object with type=vehicle.tesla.model3 and id=201 at (x=192.443  y=-69.112  z=0.035),,,0.0,5.050000075250864,56.99858522415161,131.55983352661133,7.837426020757137,0.6,13.062376701261895,Failed
109,haze,5,Agent collided against object with type=vehicle.tesla.model3 and id=201 at (x=192.478  y=-69.095  z=0.035),,,0.0,5.100000075995922,56.619736671447754,131.55983352661133,7.837426020757137,0.6,13.062376701261895,Failed
105,rain,4,,,Agent went outside its route lanes for about 4.0 meters (10.23% of the completed route),10.23,9.80000014603138,171.06510257720947,131.55983352661133,26.797755227990756,0.8977452198134486,29.850067298113075,Failed
100,haze,8,Agent collided against object with type=vehicle.tesla.model3 and id=201 at (x=192.398  y=-69.068  z=0.035),,,0.0,5.075000075623393,57.991437911987305,131.55983352661133,7.837426020757137,0.6,13.062376701261895,Failed
106,haze,7,Agent collided against object with type=vehicle.tesla.model3 and id=201 at (x=192.484  y=-69.075  z=0.035),,,0.0,5.125000076368451,57.080907106399536,131.55983352661133,7.837426020757137,0.6,13.062376701261895,Failed
109,haze,4,Agent collided against object with type=vehicle.tesla.model3 and id=201 at (x=192.458  y=-69.087  z=0.035),,,0.0,5.15000007674098,57.468891859054565,131.55983352661133,7.837426020757137,0.6,13.062376701261895,Failed
102,haze,0,Agent collided against object with type=vehicle.tesla.model3 and id=201 at (x=192.452  y=-69.008  z=0.035),,,0.0,5.325000079348683,78.35634970664978,131.55983352661133,7.837426020757137,0.6,13.062376701261895,Failed
103,shade,2,,,,0.0,16.25000024214387,172.1186773777008,131.55983352661133,45.111606044332696,1.0,45.111606044332696,Failed
108,rain,6,,Agent collided against object with type=static.wall and id=0 at (x=182.403  y=-57.487  z=0.148),Agent went outside its route lanes for about 11.0 meters (39.12% of the completed route),39.12,8.875000132247806,124.2184522151947,131.55983352661133,8.49054485582023,0.39571486657024535,21.456219043297004,Failed
110,rain,6,,Agent collided against object with type=static.wall and id=0 at (x=182.384  y=-57.221  z=0.149),Agent went outside its route lanes for about 12.0 meters (41.21% of the completed route),41.21,8.825000131502748,122.93972611427307,131.55983352661133,8.490544855820232,0.3821248415416181,22.219295719081135,Failed
101,rain,4,,,Agent went outside its route lanes for about 2.0 meters (4.99% of the completed route),4.99,9.925000147894025,170.8538064956665,131.55983352661133,29.086990622328944,0.9501471255868678,30.613143837448412,Failed
103,shade,0,Agent collided against object with type=vehicle.tesla.model3 and id=201 at (x=191.82  y=-69.085  z=0.033),,,0.0,5.225000077858567,74.84354281425476,131.55983352661133,7.837426020757137,0.6,13.062376701261895,Failed
110,shade,7,,,,0.0,16.400000244379044,172.4070017337799,131.55983352661133,45.111606044332696,1.0,45.111606044332696,Failed
107,rain,2,,,,0.0,14.150000210851431,171.17690706253052,131.55983352661133,53.50545125179242,1.0,53.50545125179242,Failed
101,haze,3,Agent collided against object with type=vehicle.tesla.model3 and id=201 at (x=192.451  y=-68.998  z=0.035),,,0.0,5.200000077486038,55.94764757156372,131.55983352661133,7.837426020757137,0.6,13.062376701261895,Failed
109,rain,8,,Agent collided against object with type=static.wall and id=0 at (x=182.48  y=-55.447  z=0.148),Agent went outside its route lanes for about 9.0 meters (29.88% of the completed route),29.88,9.175000136718154,136.18858337402344,131.55983352661133,10.47454394678383,0.4557642626708347,22.982372258416476,Failed
106,rain,0,Agent collided against object with type=vehicle.tesla.model3 and id=201 at (x=192.405  y=-69.008  z=0.035),,,0.0,5.325000079348683,68.04292726516724,131.55983352661133,7.837426020757137,0.6,13.062376701261895,Failed
100,rain,7,,Agent collided against object with type=static.wall and id=0 at (x=182.401  y=-54.916  z=0.15),Agent went outside its route lanes for about 12.0 meters (38.56% of the completed route),38.56,9.02500013448298,129.1855387687683,131.55983352661133,9.48254444564789,0.3993415549402327,23.745448797751813,Failed
102,haze,6,Agent collided against object with type=vehicle.tesla.model3 and id=201 at (x=192.485  y=-69.013  z=0.035),,,0.0,5.125000076368451,57.44133472442627,131.55983352661133,7.837426020757137,0.6,13.062376701261895,Failed
110,haze,7,Agent collided against object with type=vehicle.tesla.model3 and id=201 at (x=192.484  y=-69.072  z=0.035),,,0.0,5.125000076368451,57.74866724014282,131.55983352661133,7.837426020757137,0.6,13.062376701261895,Failed
105,haze,5,Agent collided against object with type=vehicle.tesla.model3 and id=201 at (x=192.48  y=-69.097  z=0.035),,,0.0,5.100000075995922,57.083423376083374,131.55983352661133,7.837426020757137,0.6,13.062376701261895,Failed
100,haze,6,Agent collided against object with type=vehicle.tesla.model3 and id=201 at (x=192.483  y=-69.014  z=0.035),,,0.0,5.125000076368451,57.03624892234802,131.55983352661133,7.837426020757137,0.6,13.062376701261895,Failed
109,rain,3,,,,0.0,9.00000013411045,171.57023096084595,131.55983352661133,28.323914082993603,1.0,28.323914082993603,Failed
101,haze,9,Agent collided against object with type=vehicle.tesla.model3 and id=201 at (x=192.443  y=-69.119  z=0.035),,,0.0,5.050000075250864,56.128014087677,131.55983352661133,7.837426020757137,0.6,13.062376701261895,Failed
106,haze,0,Agent collided against object with type=vehicle.tesla.model3 and id=201 at (x=192.451  y=-69.008  z=0.035),,,0.0,5.325000079348683,76.79190921783447,131.55983352661133,7.837426020757137,0.6,13.062376701261895,Failed
106,shade,3,,,,0.0,16.125000240281224,171.97678923606873,131.55983352661133,45.111606044332696,1.0,45.111606044332696,Failed
105,haze,4,Agent collided against object with type=vehicle.tesla.model3 and id=201 at (x=192.458  y=-69.086  z=0.035),,,0.0,5.15000007674098,57.55355453491211,131.55983352661133,7.837426020757137,0.6,13.062376701261895,Failed
109,shade,7,,,,0.0,16.300000242888927,172.11083674430847,131.55983352661133,45.111606044332696,1.0,45.111606044332696,Failed
100,shade,5,,,,0.0,16.2750002425164,171.95652985572815,131.55983352661133,45.111606044332696,1.0,45.111606044332696,Failed
110,haze,8,Agent collided against object with type=vehicle.tesla.model3 and id=201 at (x=192.4  y=-69.052  z=0.035),,,0.0,5.075000075623393,58.5397162437439,131.55983352661133,7.837426020757137,0.6,13.062376701261895,Failed
103,shade,3,,,,0.0,16.150000240653753,172.04397010803223,131.55983352661133,45.111606044332696,1.0,45.111606044332696,Failed
105,rain,0,Agent collided against object with type=vehicle.tesla.model3 and id=201 at (x=192.404  y=-69.008  z=0.035),,,0.0,5.325000079348683,68.88065767288208,131.55983352661133,7.837426020757137,0.6,13.062376701261895,Failed
104,haze,7,Agent collided against object with type=vehicle.tesla.model3 and id=201 at (x=192.484  y=-69.072  z=0.035),,,0.0,5.125000076368451,57.555158376693726,131.55983352661133,7.837426020757137,0.6,13.062376701261895,Failed
110,haze,5,Agent collided against object with type=vehicle.tesla.model3 and id=201 at (x=192.477  y=-69.011  z=0.035),,,0.0,5.125000076368451,55.90644192695618,131.55983352661133,7.837426020757137,0.6,13.062376701261895,Failed
100,rain,3,,,,0.0,13.025000194087625,171.27605533599854,131.55983352661133,47.40083720875835,1.0,47.40083720875835,Failed
109,rain,5,,,,0.0,13.67500020377338,171.6554822921753,131.55983352661133,48.92699042387782,1.0,48.92699042387782,Failed
104,haze,1,Agent collided against object with type=vehicle.tesla.model3 and id=201 at (x=192.442  y=-69.005  z=0.035),,,0.0,5.250000078231096,57.43995237350464,131.55983352661133,7.837426020757137,0.6,13.062376701261895,Failed
104,haze,6,Agent collided against object with type=vehicle.tesla.model3 and id=201 at (x=192.482  y=-69.012  z=0.035),,,0.0,5.125000076368451,56.40304732322693,131.55983352661133,7.837426020757137,0.6,13.062376701261895,Failed
110,haze,9,Agent collided against object with type=vehicle.tesla.model3 and id=201 at (x=192.456  y=-69.129  z=0.035),,,0.0,5.050000075250864,56.489291191101074,131.55983352661133,7.837426020757137,0.6,13.062376701261895,Failed
103,rain,7,,,Agent went outside its route lanes for about 28.0 meters (59.43% of the completed route),59.43,12.750000189989805,171.40665078163147,131.55983352661133,14.588529916381365,0.40574770238871716,35.95468275111799,Failed
101,shade,1,,,,0.0,15.97500023804605,172.05398201942444,131.55983352661133,43.58545141924238,1.0,43.58545141924238,Failed
100,shade,8,,,,0.0,16.300000242888927,171.90560293197632,131.55983352661133,44.34852809502651,1.0,44.34852809502651,Failed
102,shade,6,,,,0.0,16.350000243633986,171.91684365272522,131.55983352661133,45.87468258366803,1.0,45.87468258366803,Failed
104,shade,7,,,,0.0,16.175000241026282,172.14535999298096,131.55983352661133,44.34852809502651,1.0,44.34852809502651,Failed
100,haze,0,Agent collided against object with type=vehicle.tesla.model3 and id=201 at (x=192.451  y=-69.008  z=0.035),,,0.0,5.325000079348683,77.08086919784546,131.55983352661133,7.837426020757137,0.6,13.062376701261895,Failed
107,rain,7,,Agent collided against object with type=static.wall and id=0 at (x=182.443  y=-55.888  z=0.149),Agent went outside its route lanes for about 11.0 meters (36.52% of the completed route),36.52,9.02500013448298,124.94209003448486,131.55983352661133,9.482544445647887,0.4126007680593218,22.982372258416476,Failed
108,shade,7,,,,0.0,16.25000024214387,172.03538155555725,131.55983352661133,44.34852809502651,1.0,44.34852809502651,Failed
101,rain,3,,,,0.0,10.500000156462193,171.1672065258026,131.55983352661133,35.191603346358036,1.0,35.191603346358036,Failed
108,shade,9,,,,0.0,16.325000243261456,172.12680459022522,131.55983352661133,45.111606044332696,1.0,45.111606044332696,Failed
102,rain,1,,,,0.0,13.625000203028321,171.4756109714508,131.55983352661133,35.191603346358036,1.0,35.191603346358036,Failed
104,rain,0,Agent collided against object with type=vehicle.tesla.model3 and id=201 at (x=192.405  y=-69.008  z=0.035),,,0.0,5.325000079348683,69.19078850746155,131.55983352661133,7.837426020757137,0.6,13.062376701261895,Failed
107,haze,7,Agent collided against object with type=vehicle.tesla.model3 and id=201 at (x=192.484  y=-69.072  z=0.035),,,0.0,5.125000076368451,56.081953287124634,131.55983352661133,7.837426020757137,0.6,13.062376701261895,Failed
108,shade,3,,,,0.0,16.20000024139881,172.01753854751587,131.55983352661133,45.111606044332696,1.0,45.111606044332696,Failed
109,rain,6,,Agent collided against object with type=static.wall and id=0 at (x=182.393  y=-57.425  z=0.148),Agent went outside its route lanes for about 11.0 meters (39.12% of the completed route),39.12,8.825000131502748,121.53816652297974,131.55983352661133,8.49054485582023,0.39571486657024535,21.456219043297004,Failed
103,rain,9,,Agent collided against object with type=static.wall and id=0 at (x=182.662  y=-60.116  z=0.146),Agent went outside its route lanes for about 8.0 meters (30.63% of the completed route),30.63,8.175000121816993,120.26744270324707,131.55983352661133,8.986544606388204,0.4509039068078516,19.930065964626326,Failed
106,rain,2,,,,0.0,14.150000210851431,171.24515557289124,131.55983352661133,53.50545125179242,1.0,53.50545125179242,Failed
102,haze,4,Agent collided against object with type=vehicle.tesla.model3 and id=201 at (x=192.458  y=-69.087  z=0.035),,,0.0,5.15000007674098,56.16134762763977,131.55983352661133,7.837426020757137,0.6,13.062376701261895,Failed